Point ID,arc_length,Density,Energy,Heat_Flux,Laminar_Viscosity,Mach,Momentum_0,Momentum_1,Momentum_2,Momentum_Magnitude,Points_0,Points_1,Points_2,Points_Magnitude,Pressure,Pressure_Coefficient,Residual_Density,Residual_Energy,Residual_Momentum_0,Residual_Momentum_1,Residual_Momentum_2,Residual_Momentum_Magnitude,Skin_Friction_Coefficient_0,Skin_Friction_Coefficient_1,Skin_Friction_Coefficient_2,Skin_Friction_Coefficient_Magnitude,Temperature,Velocity_0,Velocity_1,Velocity_2,Velocity_Magnitude,vtkValidPointMask,Y_Plus
0,0,2.11616e-05,4.38581,0,1.79242e-05,1.59369e-14,7.06925e-17,-9.05E-17,0,1.1487e-16,0,0,0,0,1.75432,1.20149,-2.57E-18,-8.25E-13,0,0,0,0,3.16605e-12,-1.83E-05,0,1.83454e-05,288.797,3.34129e-12,-4.28E-12,0,5.42936e-12,1,0
1,0.01,nan,nan,nan,nan,nan,nan,nan,nan,nan,0.01,0,0,0.01,nan,nan,nan,nan,nan,nan,nan,nan,nan,nan,nan,nan,nan,nan,nan,nan,nan,0,nan
2,0.02,nan,nan,nan,nan,nan,nan,nan,nan,nan,0.02,0,0,0.02,nan,nan,nan,nan,nan,nan,nan,nan,nan,nan,nan,nan,nan,nan,nan,nan,nan,0,nan
3,0.03,nan,nan,nan,nan,nan,nan,nan,nan,nan,0.03,0,0,0.03,nan,nan,nan,nan,nan,nan,nan,nan,nan,nan,nan,nan,nan,nan,nan,nan,nan,0,nan
4,0.04,nan,nan,nan,nan,nan,nan,nan,nan,nan,0.04,0,0,0.04,nan,nan,nan,nan,nan,nan,nan,nan,nan,nan,nan,nan,nan,nan,nan,nan,nan,0,nan
5,0.05,nan,nan,nan,nan,nan,nan,nan,nan,nan,0.05,0,0,0.05,nan,nan,nan,nan,nan,nan,nan,nan,nan,nan,nan,nan,nan,nan,nan,nan,nan,0,nan
6,0.06,nan,nan,nan,nan,nan,nan,nan,nan,nan,0.06,0,0,0.06,nan,nan,nan,nan,nan,nan,nan,nan,nan,nan,nan,nan,nan,nan,nan,nan,nan,0,nan
7,0.07,nan,nan,nan,nan,nan,nan,nan,nan,nan,0.07,0,0,0.07,nan,nan,nan,nan,nan,nan,nan,nan,nan,nan,nan,nan,nan,nan,nan,nan,nan,0,nan
8,0.08,nan,nan,nan,nan,nan,nan,nan,nan,nan,0.08,0,0,0.08,nan,nan,nan,nan,nan,nan,nan,nan,nan,nan,nan,nan,nan,nan,nan,nan,nan,0,nan
9,0.09,nan,nan,nan,nan,nan,nan,nan,nan,nan,0.09,0,0,0.09,nan,nan,nan,nan,nan,nan,nan,nan,nan,nan,nan,nan,nan,nan,nan,nan,nan,0,nan
10,0.1,nan,nan,nan,nan,nan,nan,nan,nan,nan,0.1,0,0,0.1,nan,nan,nan,nan,nan,nan,nan,nan,nan,nan,nan,nan,nan,nan,nan,nan,nan,0,nan
11,0.11,nan,nan,nan,nan,nan,nan,nan,nan,nan,0.11,0,0,0.11,nan,nan,nan,nan,nan,nan,nan,nan,nan,nan,nan,nan,nan,nan,nan,nan,nan,0,nan
12,0.12,nan,nan,nan,nan,nan,nan,nan,nan,nan,0.12,0,0,0.12,nan,nan,nan,nan,nan,nan,nan,nan,nan,nan,nan,nan,nan,nan,nan,nan,nan,0,nan
13,0.13,nan,nan,nan,nan,nan,nan,nan,nan,nan,0.13,0,0,0.13,nan,nan,nan,nan,nan,nan,nan,nan,nan,nan,nan,nan,nan,nan,nan,nan,nan,0,nan
14,0.14,nan,nan,nan,nan,nan,nan,nan,nan,nan,0.14,0,0,0.14,nan,nan,nan,nan,nan,nan,nan,nan,nan,nan,nan,nan,nan,nan,nan,nan,nan,0,nan
15,0.15,nan,nan,nan,nan,nan,nan,nan,nan,nan,0.15,0,0,0.15,nan,nan,nan,nan,nan,nan,nan,nan,nan,nan,nan,nan,nan,nan,nan,nan,nan,0,nan
16,0.16,nan,nan,nan,nan,nan,nan,nan,nan,nan,0.16,0,0,0.16,nan,nan,nan,nan,nan,nan,nan,nan,nan,nan,nan,nan,nan,nan,nan,nan,nan,0,nan
17,0.17,nan,nan,nan,nan,nan,nan,nan,nan,nan,0.17,0,0,0.17,nan,nan,nan,nan,nan,nan,nan,nan,nan,nan,nan,nan,nan,nan,nan,nan,nan,0,nan
18,0.18,nan,nan,nan,nan,nan,nan,nan,nan,nan,0.18,0,0,0.18,nan,nan,nan,nan,nan,nan,nan,nan,nan,nan,nan,nan,nan,nan,nan,nan,nan,0,nan
19,0.19,nan,nan,nan,nan,nan,nan,nan,nan,nan,0.19,0,0,0.19,nan,nan,nan,nan,nan,nan,nan,nan,nan,nan,nan,nan,nan,nan,nan,nan,nan,0,nan
20,0.2,nan,nan,nan,nan,nan,nan,nan,nan,nan,0.2,0,0,0.2,nan,nan,nan,nan,nan,nan,nan,nan,nan,nan,nan,nan,nan,nan,nan,nan,nan,0,nan
21,0.21,nan,nan,nan,nan,nan,nan,nan,nan,nan,0.21,0,0,0.21,nan,nan,nan,nan,nan,nan,nan,nan,nan,nan,nan,nan,nan,nan,nan,nan,nan,0,nan
22,0.22,nan,nan,nan,nan,nan,nan,nan,nan,nan,0.22,0,0,0.22,nan,nan,nan,nan,nan,nan,nan,nan,nan,nan,nan,nan,nan,nan,nan,nan,nan,0,nan
23,0.23,nan,nan,nan,nan,nan,nan,nan,nan,nan,0.23,0,0,0.23,nan,nan,nan,nan,nan,nan,nan,nan,nan,nan,nan,nan,nan,nan,nan,nan,nan,0,nan
24,0.24,nan,nan,nan,nan,nan,nan,nan,nan,nan,0.24,0,0,0.24,nan,nan,nan,nan,nan,nan,nan,nan,nan,nan,nan,nan,nan,nan,nan,nan,nan,0,nan
25,0.25,nan,nan,nan,nan,nan,nan,nan,nan,nan,0.25,0,0,0.25,nan,nan,nan,nan,nan,nan,nan,nan,nan,nan,nan,nan,nan,nan,nan,nan,nan,0,nan
26,0.26,nan,nan,nan,nan,nan,nan,nan,nan,nan,0.26,0,0,0.26,nan,nan,nan,nan,nan,nan,nan,nan,nan,nan,nan,nan,nan,nan,nan,nan,nan,0,nan
27,0.27,nan,nan,nan,nan,nan,nan,nan,nan,nan,0.27,0,0,0.27,nan,nan,nan,nan,nan,nan,nan,nan,nan,nan,nan,nan,nan,nan,nan,nan,nan,0,nan
28,0.28,nan,nan,nan,nan,nan,nan,nan,nan,nan,0.28,0,0,0.28,nan,nan,nan,nan,nan,nan,nan,nan,nan,nan,nan,nan,nan,nan,nan,nan,nan,0,nan
29,0.29,nan,nan,nan,nan,nan,nan,nan,nan,nan,0.29,0,0,0.29,nan,nan,nan,nan,nan,nan,nan,nan,nan,nan,nan,nan,nan,nan,nan,nan,nan,0,nan
30,0.3,nan,nan,nan,nan,nan,nan,nan,nan,nan,0.3,0,0,0.3,nan,nan,nan,nan,nan,nan,nan,nan,nan,nan,nan,nan,nan,nan,nan,nan,nan,0,nan
31,0.31,nan,nan,nan,nan,nan,nan,nan,nan,nan,0.31,0,0,0.31,nan,nan,nan,nan,nan,nan,nan,nan,nan,nan,nan,nan,nan,nan,nan,nan,nan,0,nan
32,0.32,nan,nan,nan,nan,nan,nan,nan,nan,nan,0.32,0,0,0.32,nan,nan,nan,nan,nan,nan,nan,nan,nan,nan,nan,nan,nan,nan,nan,nan,nan,0,nan
33,0.33,nan,nan,nan,nan,nan,nan,nan,nan,nan,0.33,0,0,0.33,nan,nan,nan,nan,nan,nan,nan,nan,nan,nan,nan,nan,nan,nan,nan,nan,nan,0,nan
34,0.34,nan,nan,nan,nan,nan,nan,nan,nan,nan,0.34,0,0,0.34,nan,nan,nan,nan,nan,nan,nan,nan,nan,nan,nan,nan,nan,nan,nan,nan,nan,0,nan
35,0.35,nan,nan,nan,nan,nan,nan,nan,nan,nan,0.35,0,0,0.35,nan,nan,nan,nan,nan,nan,nan,nan,nan,nan,nan,nan,nan,nan,nan,nan,nan,0,nan
36,0.36,nan,nan,nan,nan,nan,nan,nan,nan,nan,0.36,0,0,0.36,nan,nan,nan,nan,nan,nan,nan,nan,nan,nan,nan,nan,nan,nan,nan,nan,nan,0,nan
37,0.37,nan,nan,nan,nan,nan,nan,nan,nan,nan,0.37,0,0,0.37,nan,nan,nan,nan,nan,nan,nan,nan,nan,nan,nan,nan,nan,nan,nan,nan,nan,0,nan
38,0.38,nan,nan,nan,nan,nan,nan,nan,nan,nan,0.38,0,0,0.38,nan,nan,nan,nan,nan,nan,nan,nan,nan,nan,nan,nan,nan,nan,nan,nan,nan,0,nan
39,0.39,nan,nan,nan,nan,nan,nan,nan,nan,nan,0.39,0,0,0.39,nan,nan,nan,nan,nan,nan,nan,nan,nan,nan,nan,nan,nan,nan,nan,nan,nan,0,nan
40,0.4,nan,nan,nan,nan,nan,nan,nan,nan,nan,0.4,0,0,0.4,nan,nan,nan,nan,nan,nan,nan,nan,nan,nan,nan,nan,nan,nan,nan,nan,nan,0,nan
41,0.41,nan,nan,nan,nan,nan,nan,nan,nan,nan,0.41,0,0,0.41,nan,nan,nan,nan,nan,nan,nan,nan,nan,nan,nan,nan,nan,nan,nan,nan,nan,0,nan
42,0.42,nan,nan,nan,nan,nan,nan,nan,nan,nan,0.42,0,0,0.42,nan,nan,nan,nan,nan,nan,nan,nan,nan,nan,nan,nan,nan,nan,nan,nan,nan,0,nan
43,0.43,nan,nan,nan,nan,nan,nan,nan,nan,nan,0.43,0,0,0.43,nan,nan,nan,nan,nan,nan,nan,nan,nan,nan,nan,nan,nan,nan,nan,nan,nan,0,nan
44,0.44,nan,nan,nan,nan,nan,nan,nan,nan,nan,0.44,0,0,0.44,nan,nan,nan,nan,nan,nan,nan,nan,nan,nan,nan,nan,nan,nan,nan,nan,nan,0,nan
45,0.45,nan,nan,nan,nan,nan,nan,nan,nan,nan,0.45,0,0,0.45,nan,nan,nan,nan,nan,nan,nan,nan,nan,nan,nan,nan,nan,nan,nan,nan,nan,0,nan
46,0.46,nan,nan,nan,nan,nan,nan,nan,nan,nan,0.46,0,0,0.46,nan,nan,nan,nan,nan,nan,nan,nan,nan,nan,nan,nan,nan,nan,nan,nan,nan,0,nan
47,0.47,nan,nan,nan,nan,nan,nan,nan,nan,nan,0.47,0,0,0.47,nan,nan,nan,nan,nan,nan,nan,nan,nan,nan,nan,nan,nan,nan,nan,nan,nan,0,nan
48,0.48,nan,nan,nan,nan,nan,nan,nan,nan,nan,0.48,0,0,0.48,nan,nan,nan,nan,nan,nan,nan,nan,nan,nan,nan,nan,nan,nan,nan,nan,nan,0,nan
49,0.49,nan,nan,nan,nan,nan,nan,nan,nan,nan,0.49,0,0,0.49,nan,nan,nan,nan,nan,nan,nan,nan,nan,nan,nan,nan,nan,nan,nan,nan,nan,0,nan
50,0.5,nan,nan,nan,nan,nan,nan,nan,nan,nan,0.5,0,0,0.5,nan,nan,nan,nan,nan,nan,nan,nan,nan,nan,nan,nan,nan,nan,nan,nan,nan,0,nan
51,0.51,nan,nan,nan,nan,nan,nan,nan,nan,nan,0.51,0,0,0.51,nan,nan,nan,nan,nan,nan,nan,nan,nan,nan,nan,nan,nan,nan,nan,nan,nan,0,nan
52,0.52,nan,nan,nan,nan,nan,nan,nan,nan,nan,0.52,0,0,0.52,nan,nan,nan,nan,nan,nan,nan,nan,nan,nan,nan,nan,nan,nan,nan,nan,nan,0,nan
53,0.53,nan,nan,nan,nan,nan,nan,nan,nan,nan,0.53,0,0,0.53,nan,nan,nan,nan,nan,nan,nan,nan,nan,nan,nan,nan,nan,nan,nan,nan,nan,0,nan
54,0.54,nan,nan,nan,nan,nan,nan,nan,nan,nan,0.54,0,0,0.54,nan,nan,nan,nan,nan,nan,nan,nan,nan,nan,nan,nan,nan,nan,nan,nan,nan,0,nan
55,0.55,nan,nan,nan,nan,nan,nan,nan,nan,nan,0.55,0,0,0.55,nan,nan,nan,nan,nan,nan,nan,nan,nan,nan,nan,nan,nan,nan,nan,nan,nan,0,nan
56,0.56,nan,nan,nan,nan,nan,nan,nan,nan,nan,0.56,0,0,0.56,nan,nan,nan,nan,nan,nan,nan,nan,nan,nan,nan,nan,nan,nan,nan,nan,nan,0,nan
57,0.57,nan,nan,nan,nan,nan,nan,nan,nan,nan,0.57,0,0,0.57,nan,nan,nan,nan,nan,nan,nan,nan,nan,nan,nan,nan,nan,nan,nan,nan,nan,0,nan
58,0.58,nan,nan,nan,nan,nan,nan,nan,nan,nan,0.58,0,0,0.58,nan,nan,nan,nan,nan,nan,nan,nan,nan,nan,nan,nan,nan,nan,nan,nan,nan,0,nan
59,0.59,nan,nan,nan,nan,nan,nan,nan,nan,nan,0.59,0,0,0.59,nan,nan,nan,nan,nan,nan,nan,nan,nan,nan,nan,nan,nan,nan,nan,nan,nan,0,nan
60,0.6,nan,nan,nan,nan,nan,nan,nan,nan,nan,0.6,0,0,0.6,nan,nan,nan,nan,nan,nan,nan,nan,nan,nan,nan,nan,nan,nan,nan,nan,nan,0,nan
61,0.61,nan,nan,nan,nan,nan,nan,nan,nan,nan,0.61,0,0,0.61,nan,nan,nan,nan,nan,nan,nan,nan,nan,nan,nan,nan,nan,nan,nan,nan,nan,0,nan
62,0.62,nan,nan,nan,nan,nan,nan,nan,nan,nan,0.62,0,0,0.62,nan,nan,nan,nan,nan,nan,nan,nan,nan,nan,nan,nan,nan,nan,nan,nan,nan,0,nan
63,0.63,nan,nan,nan,nan,nan,nan,nan,nan,nan,0.63,0,0,0.63,nan,nan,nan,nan,nan,nan,nan,nan,nan,nan,nan,nan,nan,nan,nan,nan,nan,0,nan
64,0.64,nan,nan,nan,nan,nan,nan,nan,nan,nan,0.64,0,0,0.64,nan,nan,nan,nan,nan,nan,nan,nan,nan,nan,nan,nan,nan,nan,nan,nan,nan,0,nan
65,0.65,nan,nan,nan,nan,nan,nan,nan,nan,nan,0.65,0,0,0.65,nan,nan,nan,nan,nan,nan,nan,nan,nan,nan,nan,nan,nan,nan,nan,nan,nan,0,nan
66,0.66,nan,nan,nan,nan,nan,nan,nan,nan,nan,0.66,0,0,0.66,nan,nan,nan,nan,nan,nan,nan,nan,nan,nan,nan,nan,nan,nan,nan,nan,nan,0,nan
67,0.67,nan,nan,nan,nan,nan,nan,nan,nan,nan,0.67,0,0,0.67,nan,nan,nan,nan,nan,nan,nan,nan,nan,nan,nan,nan,nan,nan,nan,nan,nan,0,nan
68,0.68,nan,nan,nan,nan,nan,nan,nan,nan,nan,0.68,0,0,0.68,nan,nan,nan,nan,nan,nan,nan,nan,nan,nan,nan,nan,nan,nan,nan,nan,nan,0,nan
69,0.69,nan,nan,nan,nan,nan,nan,nan,nan,nan,0.69,0,0,0.69,nan,nan,nan,nan,nan,nan,nan,nan,nan,nan,nan,nan,nan,nan,nan,nan,nan,0,nan
70,0.7,nan,nan,nan,nan,nan,nan,nan,nan,nan,0.7,0,0,0.7,nan,nan,nan,nan,nan,nan,nan,nan,nan,nan,nan,nan,nan,nan,nan,nan,nan,0,nan
71,0.71,nan,nan,nan,nan,nan,nan,nan,nan,nan,0.71,0,0,0.71,nan,nan,nan,nan,nan,nan,nan,nan,nan,nan,nan,nan,nan,nan,nan,nan,nan,0,nan
72,0.72,nan,nan,nan,nan,nan,nan,nan,nan,nan,0.72,0,0,0.72,nan,nan,nan,nan,nan,nan,nan,nan,nan,nan,nan,nan,nan,nan,nan,nan,nan,0,nan
73,0.73,nan,nan,nan,nan,nan,nan,nan,nan,nan,0.73,0,0,0.73,nan,nan,nan,nan,nan,nan,nan,nan,nan,nan,nan,nan,nan,nan,nan,nan,nan,0,nan
74,0.74,nan,nan,nan,nan,nan,nan,nan,nan,nan,0.74,0,0,0.74,nan,nan,nan,nan,nan,nan,nan,nan,nan,nan,nan,nan,nan,nan,nan,nan,nan,0,nan
75,0.75,nan,nan,nan,nan,nan,nan,nan,nan,nan,0.75,0,0,0.75,nan,nan,nan,nan,nan,nan,nan,nan,nan,nan,nan,nan,nan,nan,nan,nan,nan,0,nan
76,0.76,nan,nan,nan,nan,nan,nan,nan,nan,nan,0.76,0,0,0.76,nan,nan,nan,nan,nan,nan,nan,nan,nan,nan,nan,nan,nan,nan,nan,nan,nan,0,nan
77,0.77,nan,nan,nan,nan,nan,nan,nan,nan,nan,0.77,0,0,0.77,nan,nan,nan,nan,nan,nan,nan,nan,nan,nan,nan,nan,nan,nan,nan,nan,nan,0,nan
78,0.78,nan,nan,nan,nan,nan,nan,nan,nan,nan,0.78,0,0,0.78,nan,nan,nan,nan,nan,nan,nan,nan,nan,nan,nan,nan,nan,nan,nan,nan,nan,0,nan
79,0.79,nan,nan,nan,nan,nan,nan,nan,nan,nan,0.79,0,0,0.79,nan,nan,nan,nan,nan,nan,nan,nan,nan,nan,nan,nan,nan,nan,nan,nan,nan,0,nan
80,0.8,nan,nan,nan,nan,nan,nan,nan,nan,nan,0.8,0,0,0.8,nan,nan,nan,nan,nan,nan,nan,nan,nan,nan,nan,nan,nan,nan,nan,nan,nan,0,nan
81,0.81,nan,nan,nan,nan,nan,nan,nan,nan,nan,0.81,0,0,0.81,nan,nan,nan,nan,nan,nan,nan,nan,nan,nan,nan,nan,nan,nan,nan,nan,nan,0,nan
82,0.82,nan,nan,nan,nan,nan,nan,nan,nan,nan,0.82,0,0,0.82,nan,nan,nan,nan,nan,nan,nan,nan,nan,nan,nan,nan,nan,nan,nan,nan,nan,0,nan
83,0.83,nan,nan,nan,nan,nan,nan,nan,nan,nan,0.83,0,0,0.83,nan,nan,nan,nan,nan,nan,nan,nan,nan,nan,nan,nan,nan,nan,nan,nan,nan,0,nan
84,0.84,nan,nan,nan,nan,nan,nan,nan,nan,nan,0.84,0,0,0.84,nan,nan,nan,nan,nan,nan,nan,nan,nan,nan,nan,nan,nan,nan,nan,nan,nan,0,nan
85,0.85,nan,nan,nan,nan,nan,nan,nan,nan,nan,0.85,0,0,0.85,nan,nan,nan,nan,nan,nan,nan,nan,nan,nan,nan,nan,nan,nan,nan,nan,nan,0,nan
86,0.86,nan,nan,nan,nan,nan,nan,nan,nan,nan,0.86,0,0,0.86,nan,nan,nan,nan,nan,nan,nan,nan,nan,nan,nan,nan,nan,nan,nan,nan,nan,0,nan
87,0.87,nan,nan,nan,nan,nan,nan,nan,nan,nan,0.87,0,0,0.87,nan,nan,nan,nan,nan,nan,nan,nan,nan,nan,nan,nan,nan,nan,nan,nan,nan,0,nan
88,0.88,nan,nan,nan,nan,nan,nan,nan,nan,nan,0.88,0,0,0.88,nan,nan,nan,nan,nan,nan,nan,nan,nan,nan,nan,nan,nan,nan,nan,nan,nan,0,nan
89,0.89,nan,nan,nan,nan,nan,nan,nan,nan,nan,0.89,0,0,0.89,nan,nan,nan,nan,nan,nan,nan,nan,nan,nan,nan,nan,nan,nan,nan,nan,nan,0,nan
90,0.9,nan,nan,nan,nan,nan,nan,nan,nan,nan,0.9,0,0,0.9,nan,nan,nan,nan,nan,nan,nan,nan,nan,nan,nan,nan,nan,nan,nan,nan,nan,0,nan
91,0.91,nan,nan,nan,nan,nan,nan,nan,nan,nan,0.91,0,0,0.91,nan,nan,nan,nan,nan,nan,nan,nan,nan,nan,nan,nan,nan,nan,nan,nan,nan,0,nan
92,0.92,nan,nan,nan,nan,nan,nan,nan,nan,nan,0.92,0,0,0.92,nan,nan,nan,nan,nan,nan,nan,nan,nan,nan,nan,nan,nan,nan,nan,nan,nan,0,nan
93,0.93,nan,nan,nan,nan,nan,nan,nan,nan,nan,0.93,0,0,0.93,nan,nan,nan,nan,nan,nan,nan,nan,nan,nan,nan,nan,nan,nan,nan,nan,nan,0,nan
94,0.94,nan,nan,nan,nan,nan,nan,nan,nan,nan,0.94,0,0,0.94,nan,nan,nan,nan,nan,nan,nan,nan,nan,nan,nan,nan,nan,nan,nan,nan,nan,0,nan
95,0.95,nan,nan,nan,nan,nan,nan,nan,nan,nan,0.95,0,0,0.95,nan,nan,nan,nan,nan,nan,nan,nan,nan,nan,nan,nan,nan,nan,nan,nan,nan,0,nan
96,0.96,nan,nan,nan,nan,nan,nan,nan,nan,nan,0.96,0,0,0.96,nan,nan,nan,nan,nan,nan,nan,nan,nan,nan,nan,nan,nan,nan,nan,nan,nan,0,nan
97,0.97,nan,nan,nan,nan,nan,nan,nan,nan,nan,0.97,0,0,0.97,nan,nan,nan,nan,nan,nan,nan,nan,nan,nan,nan,nan,nan,nan,nan,nan,nan,0,nan
98,0.98,nan,nan,nan,nan,nan,nan,nan,nan,nan,0.98,0,0,0.98,nan,nan,nan,nan,nan,nan,nan,nan,nan,nan,nan,nan,nan,nan,nan,nan,nan,0,nan
99,0.99,nan,nan,nan,nan,nan,nan,nan,nan,nan,0.99,0,0,0.99,nan,nan,nan,nan,nan,nan,nan,nan,nan,nan,nan,nan,nan,nan,nan,nan,nan,0,nan
100,1,2.09192e-05,4.33243,0,1.79141e-05,2.14473e-15,-9.37E-18,-1.21E-17,0,1.52789e-17,1,0,0,1,1.73297,-0.552061,2.0837e-17,2.6299e-12,0,0,0,0,-4.21E-13,-1.53E-05,0,1.53054e-05,288.587,-4.48E-13,-5.77E-13,0,7.30398e-13,1,0
101,1.01,2.09185e-05,4.33229,0,1.79141e-05,3.27004e-05,-1.99E-07,-2.17E-09,0,1.99427e-07,1.01,0,0,1.01,1.73292,-0.556605,2.08599e-17,2.63023e-12,2.12612e-16,2.46487e-15,0,2.47403e-15,0,0,0,0,288.587,-0.00953298,-0.000103937,0,0.00953355,1,0
102,1.02,2.09181e-05,4.33222,0,1.79141e-05,0.000108086,-7.38E-07,-4.34E-09,0,7.3837e-07,1.02,0,0,1.02,1.73289,-0.558923,2.09231e-17,2.64825e-12,4.89363e-16,6.42744e-15,0,6.44604e-15,0,0,0,0,288.587,-0.0352975,-0.000207594,0,0.0352981,1,0
103,1.03,2.09178e-05,4.33215,0,1.79141e-05,0.000216525,-1.53E-06,-6.50E-09,0,1.53394e-06,1.03,0,0,1.03,1.73286,-0.560981,2.11259e-17,2.69933e-12,8.58285e-16,1.27771e-14,0,1.28059e-14,0,0,0,0,288.587,-0.0733308,-0.000310918,0,0.0733315,1,0
104,1.04,2.09175e-05,4.3321,0,1.79141e-05,0.000367229,-2.58E-06,-8.76E-09,0,2.57523e-06,1.04,0,0,1.04,1.73284,-0.562917,2.13812e-17,2.74781e-12,1.53588e-15,1.51455e-14,0,1.52232e-14,0,0,0,0,288.588,-0.123113,-0.00041871,0,0.123114,1,0
105,1.05,2.09173e-05,4.33205,0,1.79141e-05,0.000533784,-3.80E-06,-1.10E-08,0,3.79805e-06,1.05,0,0,1.05,1.73282,-0.564456,2.1634e-17,2.79441e-12,2.2288e-15,1.63373e-14,0,1.64887e-14,0,0,0,0,288.588,-0.181574,-0.000527654,0,0.181574,1,0
106,1.06,2.09171e-05,4.332,0,1.79141e-05,0.000733461,-5.19E-06,-1.35E-08,0,5.19477e-06,1.06,0,0,1.06,1.7328,-0.56595,2.18818e-17,2.85543e-12,3.51485e-15,2.101e-14,0,2.1302e-14,0,0,0,0,288.588,-0.24835,-0.00064377,0,0.248351,1,0
107,1.07,2.09169e-05,4.33197,0,1.79141e-05,0.000943063,-6.71E-06,-1.59E-08,0,6.70618e-06,1.07,0,0,1.07,1.73279,-0.567164,2.20544e-17,2.88243e-12,3.98653e-15,2.25331e-14,0,2.2883e-14,0,0,0,0,288.588,-0.320609,-0.000761074,0,0.32061,1,0
108,1.08,2.09168e-05,4.33194,0,1.79141e-05,0.00116698,-8.31E-06,-1.85E-08,0,8.31274e-06,1.08,0,0,1.08,1.73277,-0.568226,2.18304e-17,2.83387e-12,4.7841e-15,2.55477e-14,0,2.59918e-14,0,0,0,0,288.588,-0.397419,-0.0008842,0,0.39742,1,0
109,1.09,2.09166e-05,4.33191,0,1.79141e-05,0.0014023,-9.99E-06,-2.11E-08,0,9.98892e-06,1.09,0,0,1.09,1.73276,-0.569171,2.15519e-17,2.77911e-12,5.50695e-15,2.83911e-14,0,2.89203e-14,0,0,0,0,288.588,-0.477558,-0.00101095,0,0.477559,1,0
110,1.1,2.09165e-05,4.33188,0,1.79141e-05,0.00164735,-1.17E-05,-2.39E-08,0,1.17308e-05,1.1,0,0,1.1,1.73275,-0.569966,2.15506e-17,2.77896e-12,5.57079e-15,2.8565e-14,0,2.91032e-14,0,0,0,0,288.588,-0.560838,-0.00114188,0,0.56084,1,0
111,1.11,2.09164e-05,4.33186,0,1.79141e-05,0.00191186,-1.35E-05,-2.67E-08,0,1.354e-05,1.11,0,0,1.11,1.73274,-0.570671,2.15231e-17,2.77596e-12,6.87999e-15,3.21311e-14,0,3.28594e-14,0,0,0,0,288.588,-0.647336,-0.00127426,0,0.647337,1,0
112,1.12,2.09163e-05,4.33185,0,1.79141e-05,0.00216452,-1.54E-05,-2.95E-08,0,1.535e-05,1.12,0,0,1.12,1.73274,-0.571229,2.15112e-17,2.77467e-12,7.44402e-15,3.36674e-14,0,3.44805e-14,0,0,0,0,288.588,-0.733877,-0.00140921,0,0.733878,1,0
113,1.13,2.09162e-05,4.33184,0,1.79141e-05,0.00241009,-1.72E-05,-3.23E-08,0,1.71633e-05,1.13,0,0,1.13,1.73273,-0.571667,2.14935e-17,2.77e-12,7.54945e-15,3.39881e-14,0,3.48164e-14,0,0,0,0,288.588,-0.82057,-0.00154643,0,0.820571,1,0
114,1.14,2.09162e-05,4.33183,0,1.79141e-05,0.00267465,-1.90E-05,-3.52E-08,0,1.90018e-05,1.14,0,0,1.14,1.73273,-0.572022,2.12948e-17,2.71793e-12,8.72627e-15,3.75679e-14,0,3.8568e-14,0,0,0,0,288.588,-0.90847,-0.00168431,0,0.908472,1,0
115,1.15,2.09162e-05,4.33182,0,1.79141e-05,0.00293334,-2.08E-05,-3.81E-08,0,2.08306e-05,1.15,0,0,1.15,1.73272,-0.572318,2.11657e-17,2.68408e-12,9.4915e-15,3.98957e-14,0,4.10092e-14,0,0,0,0,288.588,-0.995907,-0.00182338,0,0.995909,1,0
116,1.16,2.09161e-05,4.33182,0,1.79141e-05,0.0031811,-2.26E-05,-4.11E-08,0,2.26414e-05,1.16,0,0,1.16,1.73272,-0.572505,2.11657e-17,2.68408e-12,9.4915e-15,3.98957e-14,0,4.10092e-14,0,0,0,0,288.588,-1.08248,-0.00196468,0,1.08248,1,0
117,1.17,2.09161e-05,4.33181,0,1.79141e-05,0.00343317,-2.44E-05,-4.40E-08,0,2.44335e-05,1.17,0,0,1.17,1.73272,-0.572616,2.12429e-17,2.70159e-12,1.02682e-14,4.17935e-14,0,4.30364e-14,0,0,0,0,288.588,-1.16816,-0.0021045,0,1.16816,1,0
118,1.18,2.09161e-05,4.33181,0,1.79141e-05,0.00368798,-2.62E-05,-4.70E-08,0,2.62136e-05,1.18,0,0,1.18,1.73272,-0.572681,2.13696e-17,2.73032e-12,1.15418e-14,4.49051e-14,0,4.63647e-14,0,0,0,0,288.588,-1.25327,-0.00224523,0,1.25327,1,0
119,1.19,2.09161e-05,4.33182,0,1.79141e-05,0.00393173,-2.80E-05,-5.00E-08,0,2.7959e-05,1.19,0,0,1.19,1.73272,-0.572686,2.14164e-17,2.74092e-12,1.2012e-14,4.60539e-14,0,4.75946e-14,0,0,0,0,288.588,-1.33672,-0.00239014,0,1.33672,1,0
120,1.2,2.09161e-05,4.33182,0,1.79141e-05,0.00416898,-2.97E-05,-5.31E-08,0,2.96839e-05,1.2,0,0,1.2,1.73272,-0.572658,2.14164e-17,2.74092e-12,1.2012e-14,4.60539e-14,0,4.75946e-14,0,0,0,0,288.588,-1.41919,-0.00253748,0,1.41919,1,0
121,1.21,2.09161e-05,4.33183,0,1.79141e-05,0.00440379,-3.14E-05,-5.61E-08,0,3.13558e-05,1.21,0,0,1.21,1.73272,-0.572507,2.13107e-17,2.71222e-12,1.25796e-14,4.81978e-14,0,4.98124e-14,0,0,0,0,288.587,-1.49912,-0.00268378,0,1.49912,1,0
122,1.22,2.09162e-05,4.33184,0,1.79141e-05,0.00463728,-3.30E-05,-5.92E-08,0,3.29993e-05,1.22,0,0,1.22,1.73272,-0.57229,2.11486e-17,2.66818e-12,1.34505e-14,5.14871e-14,0,5.3215e-14,0,0,0,0,288.587,-1.57769,-0.00283236,0,1.57769,1,0
123,1.23,2.09162e-05,4.33185,0,1.79141e-05,0.0048654,-3.46E-05,-6.24E-08,0,3.46177e-05,1.23,0,0,1.23,1.73273,-0.572065,2.10403e-17,2.63878e-12,1.4032e-14,5.36836e-14,0,5.54872e-14,0,0,0,0,288.587,-1.65506,-0.00298515,0,1.65506,1,0
124,1.24,2.09163e-05,4.33186,0,1.79141e-05,0.00508274,-3.62E-05,-6.58E-08,0,3.61856e-05,1.24,0,0,1.24,1.73273,-0.571822,2.10403e-17,2.63878e-12,1.4032e-14,5.36836e-14,0,5.54872e-14,0,0,0,0,288.587,-1.73002,-0.00314643,0,1.73002,1,0
125,1.25,2.09163e-05,4.33187,0,1.79141e-05,0.00529991,-3.78E-05,-6.91E-08,0,3.77519e-05,1.25,0,0,1.25,1.73273,-0.571577,2.10375e-17,2.63809e-12,1.40412e-14,5.37146e-14,0,5.55195e-14,0,0,0,0,288.587,-1.8049,-0.00330498,0,1.8049,1,0
126,1.26,2.09164e-05,4.33188,0,1.79141e-05,0.00550441,-3.92E-05,-7.25E-08,0,3.91947e-05,1.26,0,0,1.26,1.73274,-0.571156,2.08173e-17,2.58372e-12,1.47702e-14,5.6172e-14,0,5.80814e-14,0,0,0,0,288.587,-1.87387,-0.00346572,0,1.87388,1,0
127,1.27,2.09164e-05,4.3319,0,1.79141e-05,0.0057089,-4.06E-05,-7.59E-08,0,4.06374e-05,1.27,0,0,1.27,1.73274,-0.570735,2.05971e-17,2.52935e-12,1.54993e-14,5.86293e-14,0,6.06434e-14,0,0,0,0,288.587,-1.94284,-0.00362646,0,1.94285,1,0
128,1.28,2.09165e-05,4.33191,0,1.79141e-05,0.00590783,-4.21E-05,-7.93E-08,0,4.20508e-05,1.28,0,0,1.28,1.73275,-0.570312,2.04575e-17,2.49489e-12,1.59613e-14,6.01868e-14,0,6.22673e-14,0,0,0,0,288.587,-2.01041,-0.00378991,0,2.01041,1,0
129,1.29,2.09166e-05,4.33193,0,1.79141e-05,0.00609712,-4.34E-05,-8.28E-08,0,4.34133e-05,1.29,0,0,1.29,1.73275,-0.569888,2.04575e-17,2.49489e-12,1.59613e-14,6.01868e-14,0,6.22673e-14,0,0,0,0,288.587,-2.07554,-0.00395805,0,2.07555,1,0
130,1.3,2.09166e-05,4.33194,0,1.7914e-05,0.00628641,-4.48E-05,-8.63E-08,0,4.47758e-05,1.3,0,0,1.3,1.73276,-0.569463,2.04575e-17,2.49489e-12,1.59613e-14,6.01868e-14,0,6.22673e-14,0,0,0,0,288.587,-2.14068,-0.00412619,0,2.14068,1,0
131,1.31,2.09167e-05,4.33196,0,1.7914e-05,0.00646191,-4.60E-05,-8.93E-08,0,4.60251e-05,1.31,0,0,1.31,1.73277,-0.568892,2.04583e-17,2.49675e-12,1.64789e-14,6.14395e-14,0,6.3611e-14,0,0,0,0,288.587,-2.20039,-0.00427128,0,2.2004,1,0
132,1.32,2.09168e-05,4.33199,0,1.7914e-05,0.00663206,-4.72E-05,-9.23E-08,0,4.72303e-05,1.32,0,0,1.32,1.73277,-0.568262,2.04594e-17,2.49934e-12,1.71979e-14,6.31798e-14,0,6.54787e-14,0,0,0,0,288.587,-2.258,-0.00441192,0,2.25801,1,0
133,1.33,2.09169e-05,4.33201,0,1.7914e-05,0.0068022,-4.84E-05,-9.52E-08,0,4.84355e-05,1.33,0,0,1.33,1.73278,-0.567633,2.04605e-17,2.50192e-12,1.7917e-14,6.49201e-14,0,6.73472e-14,0,0,0,0,288.587,-2.31561,-0.00455255,0,2.31561,1,0
134,1.34,2.0917e-05,4.33203,0,1.7914e-05,0.00696341,-4.96E-05,-9.77E-08,0,4.95859e-05,1.34,0,0,1.34,1.73279,-0.567021,2.04609e-17,2.50289e-12,1.81858e-14,6.55708e-14,0,6.8046e-14,0,0,0,0,288.587,-2.3706,-0.00466892,0,2.3706,1,0
135,1.35,2.09171e-05,4.33205,0,1.7914e-05,0.0071193,-5.07E-05,-9.98E-08,0,5.07035e-05,1.35,0,0,1.35,1.7328,-0.566419,2.04609e-17,2.50289e-12,1.81858e-14,6.55708e-14,0,6.8046e-14,0,0,0,0,288.587,-2.42402,-0.00477078,0,2.42402,1,0
136,1.36,2.09172e-05,4.33207,0,1.7914e-05,0.00727518,-5.18E-05,-1.02E-07,0,5.18211e-05,1.36,0,0,1.36,1.7328,-0.565817,2.04609e-17,2.50289e-12,1.81858e-14,6.55708e-14,0,6.8046e-14,0,0,0,0,288.587,-2.47744,-0.00487265,0,2.47744,1,0
137,1.37,2.09173e-05,4.3321,0,1.7914e-05,0.00741838,-5.28E-05,-1.03E-07,0,5.28425e-05,1.37,0,0,1.37,1.73281,-0.565118,2.02784e-17,2.44929e-12,1.80743e-14,6.59632e-14,0,6.83946e-14,0,0,0,0,288.587,-2.52625,-0.004947,0,2.52626,1,0
138,1.38,2.09174e-05,4.33212,0,1.7914e-05,0.00755045,-5.38E-05,-1.05E-07,0,5.37793e-05,1.38,0,0,1.38,1.73282,-0.564334,1.99364e-17,2.34879e-12,1.78658e-14,6.67005e-14,0,6.90517e-14,0,0,0,0,288.587,-2.57102,-0.00500627,0,2.57103,1,0
139,1.39,2.09175e-05,4.33215,0,1.7914e-05,0.00768252,-5.47E-05,-1.06E-07,0,5.47161e-05,1.39,0,0,1.39,1.73283,-0.563549,1.95943e-17,2.2483e-12,1.76573e-14,6.74378e-14,0,6.97111e-14,0,0,0,0,288.587,-2.6158,-0.00506554,0,2.6158,1,0
140,1.4,2.09176e-05,4.33217,0,1.7914e-05,0.0078146,-5.57E-05,-1.07E-07,0,5.56529e-05,1.4,0,0,1.4,1.73284,-0.562765,1.92523e-17,2.1478e-12,1.74489e-14,6.8175e-14,0,7.03726e-14,0,0,0,0,288.587,-2.66057,-0.00512482,0,2.66057,1,0
141,1.41,2.09178e-05,4.3322,0,1.7914e-05,0.00793541,-5.65E-05,-1.07E-07,0,5.65181e-05,1.41,0,0,1.41,1.73285,-0.561986,1.90386e-17,2.11138e-12,1.75354e-14,6.80465e-14,0,7.02696e-14,0,0,0,0,288.586,-2.70191,-0.00512928,0,2.70192,1,0
142,1.42,2.09179e-05,4.33223,0,1.7914e-05,0.00805614,-5.74E-05,-1.07E-07,0,5.73828e-05,1.42,0,0,1.42,1.73286,-0.561208,1.88258e-17,2.07539e-12,1.76239e-14,6.79122e-14,0,7.01618e-14,0,0,0,0,288.586,-2.74324,-0.00513338,0,2.74324,1,0
143,1.43,2.0918e-05,4.33225,0,1.7914e-05,0.00817688,-5.82E-05,-1.07E-07,0,5.82475e-05,1.43,0,0,1.43,1.73287,-0.560429,1.8613e-17,2.03939e-12,1.77124e-14,6.7778e-14,0,7.00542e-14,0,0,0,0,288.586,-2.78456,-0.00513748,0,2.78456,1,0
144,1.44,2.09181e-05,4.33228,0,1.7914e-05,0.00828587,-5.90E-05,-1.13E-07,0,5.90258e-05,1.44,0,0,1.44,1.73288,-0.559596,1.84789e-17,2.01528e-12,1.77378e-14,6.76972e-14,0,6.99824e-14,0,0,0,0,288.586,-2.82175,-0.00539643,0,2.82176,1,0
145,1.45,2.09182e-05,4.33231,0,1.7914e-05,0.00838076,-5.97E-05,-1.14E-07,0,5.97006e-05,1.45,0,0,1.45,1.73289,-0.558697,1.84789e-17,2.01528e-12,1.77378e-14,6.76972e-14,0,6.99824e-14,0,0,0,0,288.586,-2.85399,-0.00546638,0,2.85399,1,0
146,1.46,2.09184e-05,4.33234,0,1.7914e-05,0.00847566,-6.04E-05,-1.16E-07,0,6.03753e-05,1.46,0,0,1.46,1.7329,-0.557798,1.84789e-17,2.01528e-12,1.77378e-14,6.76972e-14,0,6.99824e-14,0,0,0,0,288.586,-2.88623,-0.00553634,0,2.88623,1,0
147,1.47,2.09185e-05,4.33237,0,1.7914e-05,0.00857055,-6.10E-05,-1.17E-07,0,6.105e-05,1.47,0,0,1.47,1.73291,-0.556899,1.84789e-17,2.01528e-12,1.77378e-14,6.76972e-14,0,6.99824e-14,0,0,0,0,288.586,-2.91846,-0.00560629,0,2.91847,1,0
148,1.48,2.09186e-05,4.3324,0,1.7914e-05,0.00866241,-6.17E-05,-1.20E-07,0,6.17043e-05,1.48,0,0,1.48,1.73292,-0.555953,1.85304e-17,2.02914e-12,1.78552e-14,6.72851e-14,0,6.96139e-14,0,0,0,0,288.586,-2.94972,-0.00571332,0,2.94973,1,0
149,1.49,2.09188e-05,4.33243,0,1.7914e-05,0.00874802,-6.23E-05,-1.23E-07,0,6.23163e-05,1.49,0,0,1.49,1.73294,-0.55491,1.8688e-17,2.07153e-12,1.82144e-14,6.60252e-14,0,6.84915e-14,0,0,0,0,288.587,-2.97895,-0.00589661,0,2.97896,1,0
150,1.5,2.09189e-05,4.33247,0,1.7914e-05,0.00883364,-6.29E-05,-1.27E-07,0,6.29283e-05,1.5,0,0,1.5,1.73295,-0.553867,1.88456e-17,2.11392e-12,1.85735e-14,6.47652e-14,0,6.73759e-14,0,0,0,0,288.587,-3.00819,-0.0060799,0,3.00819,1,0
151,1.51,2.09191e-05,4.3325,0,1.7914e-05,0.00891925,-6.35E-05,-1.31E-07,0,6.35403e-05,1.51,0,0,1.51,1.73296,-0.552823,1.90032e-17,2.15632e-12,1.89327e-14,6.35052e-14,0,6.62674e-14,0,0,0,0,288.587,-3.03742,-0.0062632,0,3.03743,1,0
152,1.52,2.09193e-05,4.33253,0,1.7914e-05,0.00900086,-6.41E-05,-1.38E-07,0,6.41233e-05,1.52,0,0,1.52,1.73297,-0.551739,1.91294e-17,2.19025e-12,1.92202e-14,6.24967e-14,0,6.53854e-14,0,0,0,0,288.587,-3.06527,-0.00658803,0,3.06528,1,0
153,1.53,2.09194e-05,4.33257,0,1.7914e-05,0.00906976,-6.46E-05,-1.43E-07,0,6.46147e-05,1.53,0,0,1.53,1.73299,-0.550487,1.91294e-17,2.19025e-12,1.92202e-14,6.24967e-14,0,6.53854e-14,0,0,0,0,288.587,-3.08873,-0.00685571,0,3.08874,1,0
154,1.54,2.09196e-05,4.33261,0,1.7914e-05,0.00913866,-6.51E-05,-1.49E-07,0,6.51061e-05,1.54,0,0,1.54,1.733,-0.549235,1.91294e-17,2.19025e-12,1.92202e-14,6.24967e-14,0,6.53854e-14,0,0,0,0,288.587,-3.11219,-0.00712339,0,3.1122,1,0
155,1.55,2.09198e-05,4.33265,0,1.7914e-05,0.00920755,-6.56E-05,-1.55E-07,0,6.55974e-05,1.55,0,0,1.55,1.73302,-0.547984,1.91294e-17,2.19025e-12,1.92202e-14,6.24967e-14,0,6.53854e-14,0,0,0,0,288.587,-3.13565,-0.00739107,0,3.13566,1,0
156,1.56,2.092e-05,4.33269,0,1.7914e-05,0.00927645,-6.61E-05,-1.60E-07,0,6.60888e-05,1.56,0,0,1.56,1.73304,-0.546732,1.91294e-17,2.19025e-12,1.92202e-14,6.24967e-14,0,6.53854e-14,0,0,0,0,288.587,-3.15911,-0.00765875,0,3.15912,1,0
157,1.57,2.09201e-05,4.33272,0,1.79141e-05,0.00933246,-6.65E-05,-1.74E-07,0,6.64883e-05,1.57,0,0,1.57,1.73305,-0.545858,1.85534e-17,2.03029e-12,1.80718e-14,6.19117e-14,0,6.44953e-14,0,0,0,0,288.587,-3.17819,-0.0083163,0,3.1782,1,0
158,1.58,2.09202e-05,4.33274,0,1.79141e-05,0.00938204,-6.68E-05,-1.83E-07,0,6.68419e-05,1.58,0,0,1.58,1.73305,-0.545144,1.76762e-17,1.78413e-12,1.63268e-14,6.10176e-14,0,6.31642e-14,0,0,0,0,288.587,-3.19508,-0.00876066,0,3.19509,1,0
159,1.59,2.09203e-05,4.33277,0,1.79141e-05,0.00943162,-6.72E-05,-1.93E-07,0,6.71954e-05,1.59,0,0,1.59,1.73306,-0.54443,1.67991e-17,1.53796e-12,1.45818e-14,6.01235e-14,0,6.18665e-14,0,0,0,0,288.587,-3.21196,-0.00920502,0,3.21197,1,0
160,1.6,2.09204e-05,4.33279,0,1.79141e-05,0.00948121,-6.75E-05,-2.02E-07,0,6.7549e-05,1.6,0,0,1.6,1.73307,-0.543715,1.59219e-17,1.2918e-12,1.28368e-14,5.92294e-14,0,6.06045e-14,0,0,0,0,288.587,-3.22884,-0.00964938,0,3.22886,1,0
161,1.61,2.09205e-05,4.33282,0,1.79141e-05,0.00952824,-6.79E-05,-2.28E-07,0,6.78847e-05,1.61,0,0,1.61,1.73308,-0.542899,1.52229e-17,1.09361e-12,1.14203e-14,5.83043e-14,0,5.94122e-14,0,0,0,0,288.587,-3.24487,-0.0109147,0,3.24489,1,0
162,1.62,2.09207e-05,4.33285,0,1.79141e-05,0.00954499,-6.80E-05,-2.42E-07,0,6.80044e-05,1.62,0,0,1.62,1.7331,-0.541662,1.56393e-17,1.20566e-12,1.18723e-14,5.6682e-14,0,5.7912e-14,0,0,0,0,288.587,-3.25056,-0.0115596,0,3.25058,1,0
163,1.63,2.09209e-05,4.33289,0,1.79141e-05,0.00956019,-6.81E-05,-2.52E-07,0,6.8113e-05,1.63,0,0,1.63,1.73311,-0.540422,1.6062e-17,1.3197e-12,1.23317e-14,5.50683e-14,0,5.64321e-14,0,0,0,0,288.588,-3.25572,-0.0120493,0,3.25574,1,0
164,1.64,2.0921e-05,4.33293,0,1.79141e-05,0.00957539,-6.82E-05,-2.62E-07,0,6.82216e-05,1.64,0,0,1.64,1.73313,-0.539182,1.64847e-17,1.43374e-12,1.27911e-14,5.34546e-14,0,5.49636e-14,0,0,0,0,288.588,-3.26088,-0.012539,0,3.26091,1,0
165,1.65,2.09212e-05,4.33297,0,1.79141e-05,0.00959059,-6.83E-05,-2.73E-07,0,6.83302e-05,1.65,0,0,1.65,1.73314,-0.537942,1.69074e-17,1.54778e-12,1.32504e-14,5.18409e-14,0,5.35075e-14,0,0,0,0,288.588,-3.26605,-0.0130287,0,3.26607,1,0
166,1.66,2.09214e-05,4.33301,0,1.79141e-05,0.00960579,-6.84E-05,-2.83E-07,0,6.84388e-05,1.66,0,0,1.66,1.73316,-0.536702,1.73301e-17,1.66182e-12,1.37098e-14,5.02271e-14,0,5.20646e-14,0,0,0,0,288.588,-3.27121,-0.0135183,0,3.27124,1,0
167,1.67,2.09216e-05,4.33305,0,1.79141e-05,0.00963244,-6.86E-05,-2.94E-07,0,6.86293e-05,1.67,0,0,1.67,1.73317,-0.535417,1.73351e-17,1.6582e-12,1.35257e-14,4.95468e-14,0,5.13598e-14,0,0,0,0,288.588,-3.28029,-0.0140396,0,3.28032,1,0
168,1.68,2.09217e-05,4.33309,0,1.79141e-05,0.00966528,-6.89E-05,-3.05E-07,0,6.88642e-05,1.68,0,0,1.68,1.73319,-0.534109,1.71144e-17,1.59104e-12,1.2994e-14,4.93705e-14,0,5.10518e-14,0,0,0,0,288.588,-3.29148,-0.0145779,0,3.29151,1,0
169,1.69,2.09219e-05,4.33313,0,1.79141e-05,0.00969812,-6.91E-05,-3.16E-07,0,6.90991e-05,1.69,0,0,1.69,1.7332,-0.5328,1.68938e-17,1.52388e-12,1.24623e-14,4.91942e-14,0,5.07482e-14,0,0,0,0,288.588,-3.30268,-0.0151162,0,3.30271,1,0
170,1.7,2.09221e-05,4.33317,0,1.79141e-05,0.00973095,-6.93E-05,-3.28E-07,0,6.9334e-05,1.7,0,0,1.7,1.73322,-0.531492,1.66731e-17,1.45672e-12,1.19306e-14,4.90179e-14,0,5.04489e-14,0,0,0,0,288.588,-3.31387,-0.0156545,0,3.31391,1,0
171,1.71,2.09223e-05,4.33321,0,1.79141e-05,0.00976379,-6.96E-05,-3.39E-07,0,6.95688e-05,1.71,0,0,1.71,1.73324,-0.530183,1.64525e-17,1.38956e-12,1.1399e-14,4.88416e-14,0,5.01542e-14,0,0,0,0,288.589,-3.32507,-0.0161928,0,3.32511,1,0
172,1.72,2.09225e-05,4.33325,0,1.79141e-05,0.00978727,-6.97E-05,-3.31E-07,0,6.97369e-05,1.72,0,0,1.72,1.73325,-0.528898,1.63797e-17,1.35944e-12,1.10528e-14,4.80561e-14,0,4.93108e-14,0,0,0,0,288.589,-3.33308,-0.0157975,0,3.33311,1,0
173,1.73,2.09226e-05,4.33328,0,1.79141e-05,0.00977415,-6.96E-05,-3.36E-07,0,6.9644e-05,1.73,0,0,1.73,1.73327,-0.52771,1.69339e-17,1.48656e-12,1.13806e-14,4.46247e-14,0,4.60531e-14,0,0,0,0,288.589,-3.32861,-0.0160798,0,3.32865,1,0
174,1.74,2.09228e-05,4.33332,0,1.79142e-05,0.00976079,-6.95E-05,-3.43E-07,0,6.95493e-05,1.74,0,0,1.74,1.73328,-0.526523,1.74901e-17,1.61425e-12,1.17116e-14,4.11931e-14,0,4.28256e-14,0,0,0,0,288.589,-3.32405,-0.0163802,0,3.32409,1,0
175,1.75,2.09229e-05,4.33335,0,1.79142e-05,0.00974743,-6.95E-05,-3.49E-07,0,6.94547e-05,1.75,0,0,1.75,1.7333,-0.525336,1.80462e-17,1.74193e-12,1.20427e-14,3.77614e-14,0,3.96352e-14,0,0,0,0,288.589,-3.3195,-0.0166807,0,3.31954,1,0
176,1.76,2.09231e-05,4.33339,0,1.79142e-05,0.00973406,-6.94E-05,-3.55E-07,0,6.936e-05,1.76,0,0,1.76,1.73331,-0.524149,1.86023e-17,1.86961e-12,1.23737e-14,3.43297e-14,0,3.64916e-14,0,0,0,0,288.589,-3.31495,-0.0169811,0,3.31499,1,0
177,1.77,2.09233e-05,4.33343,0,1.79142e-05,0.0097207,-6.93E-05,-3.62E-07,0,6.92653e-05,1.77,0,0,1.77,1.73332,-0.522961,1.91584e-17,1.9973e-12,1.27047e-14,3.0898e-14,0,3.34081e-14,0,0,0,0,288.59,-3.3104,-0.0172815,0,3.31044,1,0
178,1.78,2.09234e-05,4.33346,0,1.79142e-05,0.00970734,-6.92E-05,-3.68E-07,0,6.91707e-05,1.78,0,0,1.78,1.73334,-0.521774,1.97146e-17,2.12498e-12,1.30358e-14,2.74664e-14,0,3.04028e-14,0,0,0,0,288.59,-3.30585,-0.0175819,0,3.30589,1,0
179,1.79,2.09236e-05,4.3335,0,1.79142e-05,0.00970775,-6.92E-05,-3.73E-07,0,6.91742e-05,1.79,0,0,1.79,1.73335,-0.52053,1.95921e-17,2.08356e-12,1.27383e-14,2.7048e-14,0,2.98975e-14,0,0,0,0,288.59,-3.30599,-0.0178078,0,3.30604,1,0
180,1.8,2.09238e-05,4.33354,0,1.79142e-05,0.00971024,-6.92E-05,-3.77E-07,0,6.91925e-05,1.8,0,0,1.8,1.73337,-0.519278,1.93673e-17,2.01662e-12,1.2346e-14,2.70842e-14,0,2.97654e-14,0,0,0,0,288.59,-3.30683,-0.0180225,0,3.30688,1,0
181,1.81,2.09239e-05,4.33358,0,1.79142e-05,0.00971272,-6.92E-05,-3.82E-07,0,6.92108e-05,1.81,0,0,1.81,1.73338,-0.518025,1.91425e-17,1.94968e-12,1.19538e-14,2.71204e-14,0,2.9638e-14,0,0,0,0,288.59,-3.30768,-0.0182371,0,3.30773,1,0
182,1.82,2.09241e-05,4.33361,0,1.79142e-05,0.00971521,-6.92E-05,-3.86E-07,0,6.92292e-05,1.82,0,0,1.82,1.7334,-0.516772,1.89176e-17,1.88275e-12,1.15615e-14,2.71566e-14,0,2.95152e-14,0,0,0,0,288.59,-3.30853,-0.0184517,0,3.30858,1,0
183,1.83,2.09243e-05,4.33365,0,1.79142e-05,0.0097177,-6.92E-05,-3.91E-07,0,6.92475e-05,1.83,0,0,1.83,1.73342,-0.51552,1.86928e-17,1.81581e-12,1.11692e-14,2.71928e-14,0,2.93972e-14,0,0,0,0,288.591,-3.30938,-0.0186664,0,3.30943,1,0
184,1.84,2.09245e-05,4.33369,0,1.79142e-05,0.00972019,-6.93E-05,-3.95E-07,0,6.92658e-05,1.84,0,0,1.84,1.73343,-0.514267,1.8468e-17,1.74888e-12,1.07769e-14,2.72289e-14,0,2.92841e-14,0,0,0,0,288.591,-3.31023,-0.018881,0,3.31028,1,0
185,1.85,2.09246e-05,4.33373,0,1.79142e-05,0.00969627,-6.91E-05,-3.82E-07,0,6.90957e-05,1.85,0,0,1.85,1.73345,-0.512911,1.88431e-17,1.83607e-12,1.09226e-14,2.4738e-14,0,2.70421e-14,0,0,0,0,288.591,-3.30207,-0.0182537,0,3.30212,1,0
186,1.86,2.09248e-05,4.33377,0,1.79143e-05,0.00965034,-6.88E-05,-3.84E-07,0,6.87685e-05,1.86,0,0,1.86,1.73346,-0.511475,1.96651e-17,2.03933e-12,1.14365e-14,2.00708e-14,0,2.31005e-14,0,0,0,0,288.591,-3.2864,-0.0183689,0,3.28645,1,0
187,1.87,2.0925e-05,4.33382,0,1.79143e-05,0.00960442,-6.84E-05,-3.87E-07,0,6.84412e-05,1.87,0,0,1.87,1.73348,-0.510038,2.04871e-17,2.24259e-12,1.19504e-14,1.54036e-14,0,1.94957e-14,0,0,0,0,288.591,-3.27073,-0.0184842,0,3.27078,1,0
188,1.88,2.09252e-05,4.33386,0,1.79143e-05,0.0095585,-6.81E-05,-3.89E-07,0,6.8114e-05,1.88,0,0,1.88,1.7335,-0.508602,2.13091e-17,2.44585e-12,1.24643e-14,1.07364e-14,0,1.64508e-14,0,0,0,0,288.592,-3.25506,-0.0185994,0,3.25512,1,0
189,1.89,2.09254e-05,4.3339,0,1.79143e-05,0.00951258,-6.78E-05,-3.92E-07,0,6.77868e-05,1.89,0,0,1.89,1.73352,-0.507166,2.21311e-17,2.64911e-12,1.29781e-14,6.06919e-15,0,1.43271e-14,0,0,0,0,288.592,-3.23939,-0.0187147,0,3.23945,1,0
190,1.9,2.09256e-05,4.33395,0,1.79143e-05,0.00946665,-6.75E-05,-3.94E-07,0,6.74596e-05,1.9,0,0,1.9,1.73353,-0.50573,2.29531e-17,2.85237e-12,1.3492e-14,1.40198e-15,0,1.35647e-14,0,0,0,0,288.592,-3.22372,-0.0188299,0,3.22378,1,0
191,1.91,2.09258e-05,4.33399,0,1.79143e-05,0.00942073,-6.71E-05,-3.96E-07,0,6.71323e-05,1.91,0,0,1.91,1.73355,-0.504294,2.37751e-17,3.05562e-12,1.40059e-14,-3.27E-15,0,1.43815e-14,0,0,0,0,288.592,-3.20806,-0.0189452,0,3.20811,1,0
192,1.92,2.0926e-05,4.33403,0,1.79143e-05,0.00938561,-6.69E-05,-3.98E-07,0,6.68826e-05,1.92,0,0,1.92,1.73357,-0.502823,2.42807e-17,3.17568e-12,1.42755e-14,-6.22E-15,0,1.55731e-14,0,0,0,0,288.593,-3.19609,-0.018998,0,3.19614,1,0
193,1.93,2.09262e-05,4.33408,0,1.79143e-05,0.00936982,-6.68E-05,-3.96E-07,0,6.67713e-05,1.93,0,0,1.93,1.73359,-0.50129,2.42204e-17,3.14691e-12,1.41081e-14,-6.12E-15,0,1.53802e-14,0,0,0,0,288.593,-3.19074,-0.018939,0,3.1908,1,0
194,1.94,2.09264e-05,4.33412,0,1.79143e-05,0.00935403,-6.67E-05,-3.95E-07,0,6.66601e-05,1.94,0,0,1.94,1.73361,-0.499756,2.41602e-17,3.11814e-12,1.39407e-14,-6.03E-15,0,1.51874e-14,0,0,0,0,288.593,-3.18539,-0.01888,0,3.18545,1,0
195,1.95,2.09266e-05,4.33417,0,1.79144e-05,0.00933823,-6.65E-05,-3.94E-07,0,6.65488e-05,1.95,0,0,1.95,1.73363,-0.498222,2.40999e-17,3.08937e-12,1.37734e-14,-5.93E-15,0,1.49946e-14,0,0,0,0,288.593,-3.18005,-0.018821,0,3.1801,1,0
196,1.96,2.09269e-05,4.33422,0,1.79144e-05,0.00932244,-6.64E-05,-3.93E-07,0,6.64376e-05,1.96,0,0,1.96,1.73364,-0.496689,2.40396e-17,3.0606e-12,1.3606e-14,-5.83E-15,0,1.48018e-14,0,0,0,0,288.593,-3.1747,-0.018762,0,3.17475,1,0
197,1.97,2.09271e-05,4.33426,0,1.79144e-05,0.00930665,-6.63E-05,-3.91E-07,0,6.63264e-05,1.97,0,0,1.97,1.73366,-0.495155,2.39793e-17,3.03183e-12,1.34386e-14,-5.73E-15,0,1.46091e-14,0,0,0,0,288.594,-3.16935,-0.018703,0,3.16941,1,0
198,1.98,2.09273e-05,4.33431,0,1.79144e-05,0.00929085,-6.62E-05,-3.90E-07,0,6.62151e-05,1.98,0,0,1.98,1.73368,-0.493622,2.39191e-17,3.00307e-12,1.32712e-14,-5.63E-15,0,1.44165e-14,0,0,0,0,288.594,-3.16401,-0.0186441,0,3.16406,1,0
199,1.99,2.09275e-05,4.33435,0,1.79144e-05,0.00926567,-6.60E-05,-4.01E-07,0,6.60365e-05,1.99,0,0,1.99,1.7337,-0.492129,2.39616e-17,3.00072e-12,1.31051e-14,-6.33E-15,0,1.4554e-14,0,0,0,0,288.594,-3.15544,-0.0191572,0,3.15549,1,0
200,2,2.09276e-05,4.33439,0,1.79144e-05,0.0092,-6.56E-05,-3.98E-07,0,6.55674e-05,2,0,0,2,1.73372,-0.490842,2.45626e-17,3.14813e-12,1.3379e-14,-1.06E-14,0,1.7092e-14,0,0,0,0,288.594,-3.13299,-0.018999,0,3.13305,1,0
201,2.01,2.09278e-05,4.33443,0,1.79144e-05,0.00913359,-6.51E-05,-3.94E-07,0,6.50928e-05,2.01,0,0,2.01,1.73373,-0.489557,2.51654e-17,3.2961e-12,1.3662e-14,-1.49E-14,0,2.02457e-14,0,0,0,0,288.595,-3.1103,-0.0188079,0,3.11035,1,0
202,2.02,2.0928e-05,4.33447,0,1.79144e-05,0.00906717,-6.46E-05,-3.90E-07,0,6.46183e-05,2.02,0,0,2.02,1.73375,-0.488272,2.57681e-17,3.44408e-12,1.3945e-14,-1.92E-14,0,2.37666e-14,0,0,0,0,288.595,-3.0876,-0.0186168,0,3.08765,1,0
203,2.03,2.09282e-05,4.33451,0,1.79144e-05,0.00900075,-6.41E-05,-3.86E-07,0,6.41437e-05,2.03,0,0,2.03,1.73376,-0.486987,2.63708e-17,3.59206e-12,1.4228e-14,-2.35E-14,0,2.75142e-14,0,0,0,0,288.595,-3.0649,-0.0184257,0,3.06495,1,0
204,2.04,2.09283e-05,4.33454,0,1.79145e-05,0.00893433,-6.37E-05,-3.82E-07,0,6.36692e-05,2.04,0,0,2.04,1.73378,-0.485703,2.69735e-17,3.74003e-12,1.4511e-14,-2.79E-14,0,3.14075e-14,0,0,0,0,288.595,-3.0422,-0.0182346,0,3.04225,1,0
205,2.05,2.09285e-05,4.33458,0,1.79145e-05,0.00886792,-6.32E-05,-3.78E-07,0,6.31946e-05,2.05,0,0,2.05,1.73379,-0.484418,2.75763e-17,3.88801e-12,1.47941e-14,-3.22E-14,0,3.53984e-14,0,0,0,0,288.596,-3.0195,-0.0180435,0,3.01955,1,0
206,2.06,2.09287e-05,4.33462,0,1.79145e-05,0.0088015,-6.27E-05,-3.74E-07,0,6.27201e-05,2.06,0,0,2.06,1.73381,-0.483133,2.8179e-17,4.03599e-12,1.50771e-14,-3.65E-14,0,3.94572e-14,0,0,0,0,288.596,-2.9968,-0.0178524,0,2.99685,1,0
207,2.07,2.09288e-05,4.33466,0,1.79145e-05,0.00873508,-6.22E-05,-3.70E-07,0,6.22455e-05,2.07,0,0,2.07,1.73383,-0.481848,2.87817e-17,4.18396e-12,1.53601e-14,-4.08E-14,0,4.35651e-14,0,0,0,0,288.596,-2.9741,-0.0176613,0,2.97415,1,0
208,2.08,2.0929e-05,4.3347,0,1.79145e-05,0.00868762,-6.19E-05,-3.62E-07,0,6.19086e-05,2.08,0,0,2.08,1.73384,-0.480499,2.89611e-17,4.22456e-12,1.56552e-14,-4.17E-14,0,4.45875e-14,0,0,0,0,288.596,-2.95798,-0.0173067,0,2.95803,1,0
209,2.09,2.09292e-05,4.33474,0,1.79145e-05,0.00864678,-6.16E-05,-3.54E-07,0,6.16198e-05,2.09,0,0,2.09,1.73386,-0.479127,2.89927e-17,4.22767e-12,1.59546e-14,-4.16E-14,0,4.45266e-14,0,0,0,0,288.597,-2.94415,-0.016895,0,2.9442,1,0
210,2.1,2.09294e-05,4.33478,0,1.79145e-05,0.00860593,-6.13E-05,-3.45E-07,0,6.13309e-05,2.1,0,0,2.1,1.73388,-0.477755,2.90243e-17,4.23077e-12,1.6254e-14,-4.14E-14,0,4.44683e-14,0,0,0,0,288.597,-2.93033,-0.0164833,0,2.93037,1,0
211,2.11,2.09296e-05,4.33482,0,1.79145e-05,0.00856509,-6.10E-05,-3.36E-07,0,6.1042e-05,2.11,0,0,2.11,1.73389,-0.476383,2.9056e-17,4.23388e-12,1.65534e-14,-4.12E-14,0,4.44128e-14,0,0,0,0,288.597,-2.9165,-0.0160716,0,2.91655,1,0
212,2.12,2.09298e-05,4.33486,0,1.79146e-05,0.00852424,-6.08E-05,-3.28E-07,0,6.07532e-05,2.12,0,0,2.12,1.73391,-0.475011,2.90876e-17,4.23699e-12,1.68528e-14,-4.10E-14,0,4.43598e-14,0,0,0,0,288.597,-2.90268,-0.0156599,0,2.90272,1,0
213,2.13,2.09299e-05,4.3349,0,1.79146e-05,0.0084834,-6.05E-05,-3.19E-07,0,6.04643e-05,2.13,0,0,2.13,1.73393,-0.473639,2.91192e-17,4.2401e-12,1.71522e-14,-4.09E-14,0,4.43096e-14,0,0,0,0,288.598,-2.88885,-0.0152483,0,2.88889,1,0
214,2.14,2.09301e-05,4.33494,0,1.79146e-05,0.00844255,-6.02E-05,-3.11E-07,0,6.01755e-05,2.14,0,0,2.14,1.73394,-0.472267,2.91508e-17,4.24321e-12,1.74515e-14,-4.07E-14,0,4.4262e-14,0,0,0,0,288.598,-2.87503,-0.0148366,0,2.87507,1,0
215,2.15,2.09303e-05,4.33498,0,1.79146e-05,0.00840171,-5.99E-05,-3.02E-07,0,5.98866e-05,2.15,0,0,2.15,1.73396,-0.470895,2.91825e-17,4.24632e-12,1.77509e-14,-4.05E-14,0,4.42172e-14,0,0,0,0,288.598,-2.8612,-0.0144249,0,2.86124,1,0
216,2.16,2.09305e-05,4.33502,0,1.79146e-05,0.00834033,-5.94E-05,-3.14E-07,0,5.94489e-05,2.16,0,0,2.16,1.73398,-0.469478,2.92693e-17,4.2534e-12,1.76757e-14,-4.12E-14,0,4.47856e-14,0,0,0,0,288.598,-2.84026,-0.0149794,0,2.8403,1,0
217,2.17,2.09307e-05,4.33507,0,1.79146e-05,0.00825263,-5.88E-05,-3.04E-07,0,5.88201e-05,2.17,0,0,2.17,1.73399,-0.467982,2.94541e-17,4.27222e-12,1.71331e-14,-4.39E-14,0,4.71569e-14,0,0,0,0,288.599,-2.8102,-0.014527,0,2.81024,1,0
218,2.18,2.09309e-05,4.33511,0,1.79146e-05,0.00815932,-5.81E-05,-2.91E-07,0,5.81504e-05,2.18,0,0,2.18,1.73401,-0.46647,2.96364e-17,4.29155e-12,1.66494e-14,-4.68E-14,0,4.9635e-14,0,0,0,0,288.599,-2.77818,-0.0138977,0,2.77821,1,0
219,2.19,2.09311e-05,4.33516,0,1.79146e-05,0.008066,-5.75E-05,-2.78E-07,0,5.74806e-05,2.19,0,0,2.19,1.73403,-0.464958,2.98187e-17,4.31088e-12,1.61656e-14,-4.96E-14,0,5.21528e-14,0,0,0,0,288.599,-2.74616,-0.0132684,0,2.74619,1,0
220,2.2,2.09313e-05,4.3352,0,1.79147e-05,0.00797268,-5.68E-05,-2.65E-07,0,5.68109e-05,2.2,0,0,2.2,1.73405,-0.463446,3.0001e-17,4.33022e-12,1.56819e-14,-5.24E-14,0,5.47049e-14,0,0,0,0,288.599,-2.71414,-0.0126392,0,2.71417,1,0
221,2.21,2.09315e-05,4.33525,0,1.79147e-05,0.00787936,-5.61E-05,-2.51E-07,0,5.61412e-05,2.21,0,0,2.21,1.73407,-0.461933,3.01833e-17,4.34955e-12,1.51981e-14,-5.52E-14,0,5.72867e-14,0,0,0,0,288.6,-2.68212,-0.0120099,0,2.68214,1,0
222,2.22,2.09317e-05,4.33529,0,1.79147e-05,0.00778604,-5.55E-05,-2.38E-07,0,5.54714e-05,2.22,0,0,2.22,1.73409,-0.460421,3.03656e-17,4.36888e-12,1.47144e-14,-5.81E-14,0,5.98944e-14,0,0,0,0,288.6,-2.6501,-0.0113806,0,2.65012,1,0
223,2.23,2.09319e-05,4.33533,0,1.79147e-05,0.00769272,-5.48E-05,-2.25E-07,0,5.48017e-05,2.23,0,0,2.23,1.7341,-0.458909,3.05479e-17,4.38821e-12,1.42306e-14,-6.09E-14,0,6.25247e-14,0,0,0,0,288.6,-2.61808,-0.0107513,0,2.6181,1,0
224,2.24,2.09321e-05,4.33538,0,1.79147e-05,0.00759941,-5.41E-05,-2.12E-07,0,5.4132e-05,2.24,0,0,2.24,1.73412,-0.457397,3.07302e-17,4.40755e-12,1.37468e-14,-6.37E-14,0,6.51748e-14,0,0,0,0,288.601,-2.58606,-0.010122,0,2.58608,1,0
225,2.25,2.09323e-05,4.33542,0,1.79147e-05,0.00750609,-5.35E-05,-1.99E-07,0,5.34623e-05,2.25,0,0,2.25,1.73414,-0.455885,3.09125e-17,4.42688e-12,1.32631e-14,-6.65E-14,0,6.78425e-14,0,0,0,0,288.601,-2.55404,-0.00949277,0,2.55405,1,0
226,2.26,2.09325e-05,4.33547,0,1.79147e-05,0.00744354,-5.30E-05,-1.80E-07,0,5.30192e-05,2.26,0,0,2.26,1.73416,-0.45426,3.09655e-17,4.43698e-12,1.37086e-14,-6.73E-14,0,6.87272e-14,0,0,0,0,288.601,-2.53285,-0.00859196,0,2.53286,1,0
227,2.27,2.09328e-05,4.33552,0,1.79147e-05,0.00739201,-5.27E-05,-1.59E-07,0,5.26574e-05,2.27,0,0,2.27,1.73418,-0.452596,3.09721e-17,4.44379e-12,1.44872e-14,-6.74E-14,0,6.89761e-14,0,0,0,0,288.601,-2.51554,-0.00759383,0,2.51555,1,0
228,2.28,2.0933e-05,4.33557,0,1.79148e-05,0.00734049,-5.23E-05,-1.38E-07,0,5.22956e-05,2.28,0,0,2.28,1.7342,-0.450932,3.09788e-17,4.45059e-12,1.52658e-14,-6.75E-14,0,6.9233e-14,0,0,0,0,288.602,-2.49823,-0.0065957,0,2.49824,1,0
229,2.29,2.09332e-05,4.33562,0,1.79148e-05,0.00728896,-5.19E-05,-1.17E-07,0,5.19338e-05,2.29,0,0,2.29,1.73422,-0.449268,3.09855e-17,4.45739e-12,1.60444e-14,-6.76E-14,0,6.94978e-14,0,0,0,0,288.602,-2.48093,-0.00559757,0,2.48093,1,0
230,2.3,2.09334e-05,4.33567,0,1.79148e-05,0.00723744,-5.16E-05,-9.63E-08,0,5.1572e-05,2.3,0,0,2.3,1.73424,-0.447604,3.09921e-17,4.46419e-12,1.6823e-14,-6.77E-14,0,6.97704e-14,0,0,0,0,288.602,-2.46362,-0.00459945,0,2.46362,1,0
231,2.31,2.09337e-05,4.33572,0,1.79148e-05,0.00718591,-5.12E-05,-7.54E-08,0,5.12102e-05,2.31,0,0,2.31,1.73426,-0.44594,3.09988e-17,4.47099e-12,1.76016e-14,-6.78E-14,0,7.00507e-14,0,0,0,0,288.602,-2.44631,-0.00360132,0,2.44631,1,0
232,2.32,2.09339e-05,4.33577,0,1.79148e-05,0.00713439,-5.08E-05,-5.45E-08,0,5.08485e-05,2.32,0,0,2.32,1.73428,-0.444276,3.10054e-17,4.47779e-12,1.83802e-14,-6.79E-14,0,7.03387e-14,0,0,0,0,288.603,-2.429,-0.00260319,0,2.42901,1,0
233,2.33,2.09341e-05,4.33582,0,1.79148e-05,0.00708286,-5.05E-05,-3.36E-08,0,5.04867e-05,2.33,0,0,2.33,1.7343,-0.442612,3.10121e-17,4.48459e-12,1.91588e-14,-6.80E-14,0,7.06342e-14,0,0,0,0,288.603,-2.4117,-0.00160507,0,2.4117,1,0
234,2.34,2.09343e-05,4.33587,0,1.79148e-05,0.00701952,-5.00E-05,-1.92E-08,0,5.00373e-05,2.34,0,0,2.34,1.73432,-0.440978,3.10187e-17,4.49139e-12,1.99374e-14,-6.81E-14,0,7.09371e-14,0,0,0,0,288.603,-2.39021,-0.000918415,0,2.39021,1,0
235,2.35,2.09345e-05,4.33591,0,1.79148e-05,0.00692404,-4.94E-05,-2.44E-08,0,4.93506e-05,2.35,0,0,2.35,1.73434,-0.439469,3.09632e-17,4.4735e-12,2.01736e-14,-6.80E-14,0,7.09502e-14,0,0,0,0,288.603,-2.35738,-0.00116337,0,2.35738,1,0
236,2.36,2.09347e-05,4.33595,0,1.79149e-05,0.00686053,-4.89E-05,-2.07E-08,0,4.89047e-05,2.36,0,0,2.36,1.73436,-0.438083,3.06001e-17,4.33351e-12,1.7727e-14,-6.72E-14,0,6.95349e-14,0,0,0,0,288.604,-2.33606,-0.000985861,0,2.33606,1,0
237,2.37,2.09349e-05,4.33599,0,1.79149e-05,0.00676196,-4.82E-05,7.18313e-10,0,4.81962e-05,2.37,0,0,2.37,1.73437,-0.436808,3.02046e-17,4.19998e-12,1.56024e-14,-6.70E-14,0,6.87832e-14,0,0,0,0,288.604,-2.3022,3.52691e-05,0,2.3022,1,0
238,2.38,2.09351e-05,4.33603,0,1.79149e-05,0.00665627,-4.74E-05,2.56915e-08,0,4.74344e-05,2.38,0,0,2.38,1.73439,-0.435554,2.98026e-17,4.06777e-12,1.35433e-14,-6.69E-14,0,6.82106e-14,0,0,0,0,288.604,-2.26579,0.00122801,0,2.26579,1,0
239,2.39,2.09352e-05,4.33606,0,1.79149e-05,0.00655058,-4.67E-05,5.0664e-08,0,4.66726e-05,2.39,0,0,2.39,1.7344,-0.434301,2.94005e-17,3.93556e-12,1.14843e-14,-6.67E-14,0,6.76961e-14,0,0,0,0,288.605,-2.22939,0.00242071,0,2.22939,1,0
240,2.4,2.09354e-05,4.3361,0,1.79149e-05,0.00644489,-4.59E-05,7.56366e-08,0,4.59108e-05,2.4,0,0,2.4,1.73442,-0.433048,2.89985e-17,3.80335e-12,9.42521e-15,-6.66E-14,0,6.7241e-14,0,0,0,0,288.605,-2.19298,0.00361342,0,2.19299,1,0
241,2.41,2.09356e-05,4.33614,0,1.79149e-05,0.0063392,-4.51E-05,1.00609e-07,0,4.5149e-05,2.41,0,0,2.41,1.73443,-0.431795,2.85964e-17,3.67114e-12,7.36616e-15,-6.64E-14,0,6.68465e-14,0,0,0,0,288.605,-2.15658,0.00480613,0,2.15658,1,0
242,2.42,2.09357e-05,4.33617,0,1.79149e-05,0.0062335,-4.44E-05,1.25582e-07,0,4.43873e-05,2.42,0,0,2.42,1.73445,-0.430542,2.81944e-17,3.53894e-12,5.30711e-15,-6.63E-14,0,6.65138e-14,0,0,0,0,288.605,-2.12017,0.00599884,0,2.12018,1,0
243,2.43,2.09359e-05,4.33621,0,1.7915e-05,0.00612781,-4.36E-05,1.50554e-07,0,4.36256e-05,2.43,0,0,2.43,1.73447,-0.429289,2.77924e-17,3.40673e-12,3.24806e-15,-6.62E-14,0,6.62437e-14,0,0,0,0,288.606,-2.08376,0.00719154,0,2.08378,1,0
244,2.44,2.0936e-05,4.33625,0,1.7915e-05,0.00602212,-4.29E-05,1.75527e-07,0,4.28638e-05,2.44,0,0,2.44,1.73448,-0.428036,2.73903e-17,3.27452e-12,1.18901e-15,-6.60E-14,0,6.6037e-14,0,0,0,0,288.606,-2.04736,0.00838425,0,2.04738,1,0
245,2.45,2.09362e-05,4.33628,0,1.7915e-05,0.00591643,-4.21E-05,2.00499e-07,0,4.21021e-05,2.45,0,0,2.45,1.7345,-0.426782,2.69883e-17,3.14231e-12,-8.70E-16,-6.59E-14,0,6.58944e-14,0,0,0,0,288.606,-2.01095,0.00957696,0,2.01098,1,0
246,2.46,2.09364e-05,4.33632,0,1.7915e-05,0.00581074,-4.13E-05,2.25472e-07,0,4.13405e-05,2.46,0,0,2.46,1.73451,-0.425529,2.65863e-17,3.0101e-12,-2.93E-15,-6.58E-14,0,6.58161e-14,0,0,0,0,288.606,-1.97455,0.0107697,0,1.97458,1,0
247,2.47,2.09366e-05,4.33636,0,1.7915e-05,0.00573721,-4.08E-05,2.5504e-07,0,4.08231e-05,2.47,0,0,2.47,1.73453,-0.424171,2.65252e-17,3.0127e-12,-2.11E-15,-6.64E-14,0,6.64444e-14,0,0,0,0,288.607,-1.94981,0.0121815,0,1.94985,1,0
248,2.48,2.09367e-05,4.3364,0,1.7915e-05,0.00566632,-4.03E-05,2.84983e-07,0,4.03256e-05,2.48,0,0,2.48,1.73454,-0.422805,2.6492e-17,3.02631e-12,-1.05E-15,-6.71E-14,0,6.71443e-14,0,0,0,0,288.607,-1.92603,0.0136113,0,1.92607,1,0
249,2.49,2.09369e-05,4.33644,0,1.7915e-05,0.00559542,-3.98E-05,3.14927e-07,0,3.98282e-05,2.49,0,0,2.49,1.73456,-0.421438,2.64588e-17,3.03992e-12,3.7985e-19,-6.79E-14,0,6.78612e-14,0,0,0,0,288.607,-1.90224,0.015041,0,1.9023,1,0
250,2.5,2.09371e-05,4.33648,0,1.7915e-05,0.00552453,-3.93E-05,3.4487e-07,0,3.93309e-05,2.5,0,0,2.5,1.73458,-0.420071,2.64256e-17,3.05354e-12,1.05525e-15,-6.86E-14,0,6.85944e-14,0,0,0,0,288.607,-1.87846,0.0164708,0,1.87853,1,0
251,2.51,2.09373e-05,4.33652,0,1.79151e-05,0.00545363,-3.88E-05,3.74814e-07,0,3.88335e-05,2.51,0,0,2.51,1.73459,-0.418705,2.63924e-17,3.06715e-12,2.11013e-15,-6.93E-14,0,6.93436e-14,0,0,0,0,288.608,-1.85468,0.0179005,0,1.85476,1,0
252,2.52,2.09375e-05,4.33656,0,1.79151e-05,0.00538273,-3.83E-05,4.04757e-07,0,3.83362e-05,2.52,0,0,2.52,1.73461,-0.417338,2.63592e-17,3.08076e-12,3.165e-15,-7.00E-14,0,7.01081e-14,0,0,0,0,288.608,-1.83089,0.0193303,0,1.83099,1,0
253,2.53,2.09376e-05,4.3366,0,1.79151e-05,0.00531184,-3.78E-05,4.34701e-07,0,3.7839e-05,2.53,0,0,2.53,1.73463,-0.415971,2.6326e-17,3.09437e-12,4.21988e-15,-7.08E-14,0,7.08875e-14,0,0,0,0,288.608,-1.80711,0.02076,0,1.80723,1,0
254,2.54,2.09378e-05,4.33664,0,1.79151e-05,0.00524094,-3.73E-05,4.64644e-07,0,3.73417e-05,2.54,0,0,2.54,1.73464,-0.414605,2.62928e-17,3.10798e-12,5.27475e-15,-7.15E-14,0,7.16812e-14,0,0,0,0,288.608,-1.78333,0.0221898,0,1.78346,1,0
255,2.55,2.0938e-05,4.33669,0,1.79151e-05,0.00517005,-3.68E-05,4.94587e-07,0,3.68445e-05,2.55,0,0,2.55,1.73466,-0.413238,2.62596e-17,3.1216e-12,6.32962e-15,-7.22E-14,0,7.24889e-14,0,0,0,0,288.609,-1.75954,0.0236195,0,1.7597,1,0
256,2.56,2.09382e-05,4.33673,0,1.79151e-05,0.00507244,-3.61E-05,5.14879e-07,0,3.61418e-05,2.56,0,0,2.56,1.73468,-0.4118,2.62238e-17,3.13624e-12,7.46472e-15,-7.30E-14,0,7.3373e-14,0,0,0,0,288.609,-1.72595,0.0245891,0,1.72612,1,0
257,2.57,2.09384e-05,4.33677,0,1.79151e-05,0.00495544,-3.53E-05,5.28167e-07,0,3.529e-05,2.57,0,0,2.57,1.7347,-0.410309,2.61863e-17,3.15164e-12,8.65802e-15,-7.38E-14,0,7.43187e-14,0,0,0,0,288.609,-1.68523,0.0252249,0,1.68542,1,0
258,2.58,2.09386e-05,4.33681,0,1.79151e-05,0.0048679,-3.47E-05,5.40026e-07,0,3.46712e-05,2.58,0,0,2.58,1.73471,-0.408953,2.55264e-17,2.90244e-12,6.23275e-15,-7.18E-14,0,7.21084e-14,0,0,0,0,288.61,-1.65566,0.0257922,0,1.65586,1,0
259,2.59,2.09388e-05,4.33685,0,1.79152e-05,0.00479211,-3.41E-05,5.51315e-07,0,3.41454e-05,2.59,0,0,2.59,1.73473,-0.40765,2.46184e-17,2.54771e-12,2.3642e-15,-6.87E-14,0,6.87904e-14,0,0,0,0,288.61,-1.63052,0.0263321,0,1.63073,1,0
260,2.6,2.0939e-05,4.33689,0,1.79152e-05,0.00467522,-3.33E-05,5.76413e-07,0,3.32905e-05,2.6,0,0,2.6,1.73475,-0.406211,2.37248e-17,2.22486e-12,-1.34E-15,-6.62E-14,0,6.61714e-14,0,0,0,0,288.61,-1.58965,0.0275304,0,1.58989,1,0
261,2.61,2.09391e-05,4.33694,0,1.79152e-05,0.0045512,-3.24E-05,6.03906e-07,0,3.23786e-05,2.61,0,0,2.61,1.73476,-0.404749,2.28337e-17,1.90754e-12,-5.02E-15,-6.37E-14,0,6.38497e-14,0,0,0,0,288.61,-1.54606,0.0288428,0,1.54633,1,0
262,2.62,2.09393e-05,4.33698,0,1.79152e-05,0.00442718,-3.15E-05,6.31399e-07,0,3.14667e-05,2.62,0,0,2.62,1.73478,-0.403286,2.19425e-17,1.59023e-12,-8.70E-15,-6.11E-14,0,6.1762e-14,0,0,0,0,288.611,-1.50247,0.0301552,0,1.50277,1,0
263,2.63,2.09395e-05,4.33702,0,1.79152e-05,0.00430316,-3.05E-05,6.58892e-07,0,3.0555e-05,2.63,0,0,2.63,1.7348,-0.401824,2.10514e-17,1.2729e-12,-1.24E-14,-5.86E-14,0,5.99326e-14,0,0,0,0,288.611,-1.45888,0.0314676,0,1.45922,1,0
264,2.64,2.09397e-05,4.33707,0,1.79152e-05,0.00417914,-2.96E-05,6.86385e-07,0,2.96433e-05,2.64,0,0,2.64,1.73482,-0.400361,2.01603e-17,9.55587e-13,-1.61E-14,-5.61E-14,0,5.8386e-14,0,0,0,0,288.611,-1.41528,0.03278,0,1.41566,1,0
265,2.65,2.09399e-05,4.33711,0,1.79152e-05,0.00405512,-2.87E-05,7.13878e-07,0,2.87316e-05,2.65,0,0,2.65,1.73484,-0.398899,1.92691e-17,6.38271e-13,-1.97E-14,-5.36E-14,0,5.71451e-14,0,0,0,0,288.611,-1.37169,0.0340924,0,1.37211,1,0
266,2.66,2.09401e-05,4.33715,0,1.79152e-05,0.0039311,-2.78E-05,7.41371e-07,0,2.78201e-05,2.66,0,0,2.66,1.73485,-0.397436,1.8378e-17,3.20956e-13,-2.34E-14,-5.11E-14,0,5.623e-14,0,0,0,0,288.612,-1.3281,0.0354048,0,1.32857,1,0
267,2.67,2.09403e-05,4.3372,0,1.79153e-05,0.00380708,-2.69E-05,7.68864e-07,0,2.69087e-05,2.67,0,0,2.67,1.73487,-0.395974,1.74869e-17,3.63996e-15,-2.71E-14,-4.86E-14,0,5.56569e-14,0,0,0,0,288.612,-1.28451,0.0367172,0,1.28503,1,0
268,2.68,2.09405e-05,4.33724,0,1.79153e-05,0.00368306,-2.60E-05,7.96356e-07,0,2.59974e-05,2.68,0,0,2.68,1.73489,-0.394511,1.65957e-17,-3.14E-13,-3.08E-14,-4.61E-14,0,5.54364e-14,0,0,0,0,288.612,-1.24091,0.0380296,0,1.2415,1,0
269,2.69,2.09407e-05,4.33728,0,1.79153e-05,0.00355904,-2.51E-05,8.23849e-07,0,2.50862e-05,2.69,0,0,2.69,1.73491,-0.393049,1.57046e-17,-6.31E-13,-3.45E-14,-4.36E-14,0,5.55727e-14,0,0,0,0,288.612,-1.19732,0.039342,0,1.19797,1,0
270,2.7,2.09409e-05,4.33733,0,1.79153e-05,0.00343502,-2.42E-05,8.51342e-07,0,2.41751e-05,2.7,0,0,2.7,1.73492,-0.391586,1.48135e-17,-9.48E-13,-3.81E-14,-4.11E-14,0,5.60632e-14,0,0,0,0,288.613,-1.15373,0.0406544,0,1.15444,1,0
271,2.71,2.09411e-05,4.33738,0,1.79153e-05,0.00335601,-2.36E-05,8.76031e-07,0,2.36307e-05,2.71,0,0,2.71,1.73494,-0.389946,1.47395e-17,-9.22E-13,-3.72E-14,-4.21E-14,0,5.62344e-14,0,0,0,0,288.613,-1.12766,0.0418324,0,1.12844,1,0
272,2.72,2.09414e-05,4.33743,0,1.79153e-05,0.00328123,-2.31E-05,9.00456e-07,0,2.31208e-05,2.72,0,0,2.72,1.73496,-0.38829,1.47421e-17,-8.64E-13,-3.59E-14,-4.35E-14,0,5.64182e-14,0,0,0,0,288.613,-1.10324,0.0429977,0,1.10408,1,0
273,2.73,2.09416e-05,4.33748,0,1.79153e-05,0.00320645,-2.26E-05,9.24881e-07,0,2.2611e-05,2.73,0,0,2.73,1.73498,-0.386634,1.47448e-17,-8.06E-13,-3.46E-14,-4.49E-14,0,5.66646e-14,0,0,0,0,288.613,-1.07882,0.0441631,0,1.07973,1,0
274,2.74,2.09418e-05,4.33752,0,1.79153e-05,0.00313167,-2.21E-05,9.49307e-07,0,2.21013e-05,2.74,0,0,2.74,1.73501,-0.384977,1.47475e-17,-7.48E-13,-3.33E-14,-4.62E-14,0,5.69726e-14,0,0,0,0,288.614,-1.0544,0.0453284,0,1.05538,1,0
275,2.75,2.0942e-05,4.33757,0,1.79154e-05,0.00305689,-2.16E-05,9.73732e-07,0,2.15917e-05,2.75,0,0,2.75,1.73503,-0.383321,1.47501e-17,-6.90E-13,-3.20E-14,-4.76E-14,0,5.73413e-14,0,0,0,0,288.614,-1.02999,0.0464938,0,1.03103,1,0
276,2.76,2.09423e-05,4.33763,0,1.79154e-05,0.00298211,-2.11E-05,9.98157e-07,0,2.10822e-05,2.76,0,0,2.76,1.73505,-0.381665,1.47528e-17,-6.32E-13,-3.07E-14,-4.89E-14,0,5.77695e-14,0,0,0,0,288.614,-1.00557,0.0476591,0,1.00669,1,0
277,2.77,2.09425e-05,4.33767,0,1.79154e-05,0.00290733,-2.05E-05,1.02258e-06,0,2.05728e-05,2.77,0,0,2.77,1.73507,-0.380008,1.47555e-17,-5.74E-13,-2.94E-14,-5.03E-14,0,5.82559e-14,0,0,0,0,288.614,-0.981146,0.0488244,0,0.98236,1,0
278,2.78,2.09427e-05,4.33772,0,1.79154e-05,0.00283255,-2.00E-05,1.04701e-06,0,2.00635e-05,2.78,0,0,2.78,1.73509,-0.378352,1.47581e-17,-5.16E-13,-2.81E-14,-5.17E-14,0,5.87991e-14,0,0,0,0,288.615,-0.956726,0.0499898,0,0.958031,1,0
279,2.79,2.09429e-05,4.33777,0,1.79154e-05,0.00275777,-1.95E-05,1.07143e-06,0,1.95544e-05,2.79,0,0,2.79,1.73511,-0.376696,1.47608e-17,-4.57E-13,-2.68E-14,-5.30E-14,0,5.93974e-14,0,0,0,0,288.615,-0.932307,0.0511551,0,0.933709,1,0
280,2.8,2.09432e-05,4.33782,0,1.79154e-05,0.00268299,-1.90E-05,1.09586e-06,0,1.90454e-05,2.8,0,0,2.8,1.73513,-0.375039,1.47635e-17,-3.99E-13,-2.55E-14,-5.44E-14,0,6.00494e-14,0,0,0,0,288.615,-0.907887,0.0523205,0,0.909394,1,0
281,2.81,2.09434e-05,4.33787,0,1.79154e-05,0.00256601,-1.81E-05,1.10492e-06,0,1.81442e-05,2.81,0,0,2.81,1.73514,-0.37353,1.47661e-17,-3.41E-13,-2.41E-14,-5.57E-14,0,6.07531e-14,0,0,0,0,288.615,-0.864745,0.0527537,0,0.866353,1,0
282,2.82,2.09436e-05,4.33791,0,1.79154e-05,0.00244362,-1.72E-05,1.11201e-06,0,1.71931e-05,2.82,0,0,2.82,1.73516,-0.372041,1.47688e-17,-2.83E-13,-2.28E-14,-5.71E-14,0,6.15069e-14,0,0,0,0,288.616,-0.819207,0.0530933,0,0.820926,1,0
283,2.83,2.09438e-05,4.33796,0,1.79154e-05,0.00232645,-1.63E-05,1.11784e-06,0,1.62977e-05,2.83,0,0,2.83,1.73518,-0.370587,1.46806e-17,-2.82E-13,-2.25E-14,-5.77E-14,0,6.19083e-14,0,0,0,0,288.616,-0.776333,0.0533723,0,0.778166,1,0
284,2.84,2.09439e-05,4.338,0,1.79155e-05,0.00223862,-1.57E-05,1.11651e-06,0,1.5715e-05,2.84,0,0,2.84,1.7352,-0.369339,1.40814e-17,-6.03E-13,-2.77E-14,-5.37E-14,0,6.04534e-14,0,0,0,0,288.616,-0.748444,0.0533101,0,0.75034,1,0
285,2.85,2.09441e-05,4.33803,0,1.79155e-05,0.00215079,-1.51E-05,1.11519e-06,0,1.51324e-05,2.85,0,0,2.85,1.73521,-0.368091,1.34821e-17,-9.23E-13,-3.30E-14,-4.98E-14,0,5.96856e-14,0,0,0,0,288.616,-0.720555,0.0532478,0,0.72252,1,0
286,2.86,2.09443e-05,4.33807,0,1.79155e-05,0.00206296,-1.45E-05,1.11387e-06,0,1.45499e-05,2.86,0,0,2.86,1.73523,-0.366842,1.28828e-17,-1.24E-12,-3.82E-14,-4.58E-14,0,5.96313e-14,0,0,0,0,288.617,-0.692667,0.0531856,0,0.694705,1,0
287,2.87,2.09444e-05,4.33811,0,1.79155e-05,0.00196171,-1.37E-05,1.12201e-06,0,1.37275e-05,2.87,0,0,2.87,1.73524,-0.365691,1.22347e-17,-1.58E-12,-4.34E-14,-4.22E-14,0,6.05108e-14,0,0,0,0,288.617,-0.653246,0.0535743,0,0.655439,1,0
288,2.88,2.09446e-05,4.33814,0,1.79155e-05,0.00185335,-1.27E-05,1.13518e-06,0,1.27782e-05,2.88,0,0,2.88,1.73525,-0.364592,1.15606e-17,-1.91E-12,-4.85E-14,-3.88E-14,0,6.21223e-14,0,0,0,0,288.617,-0.607702,0.0542024,0,0.610114,1,0
289,2.89,2.09447e-05,4.33817,0,1.79155e-05,0.00174498,-1.18E-05,1.14835e-06,0,1.18298e-05,2.89,0,0,2.89,1.73527,-0.363492,1.08864e-17,-2.25E-12,-5.37E-14,-3.54E-14,0,6.42897e-14,0,0,0,0,288.617,-0.562159,0.0548305,0,0.564826,1,0
290,2.9,2.09448e-05,4.3382,0,1.79155e-05,0.00163662,-1.08E-05,1.16152e-06,0,1.08822e-05,2.9,0,0,2.9,1.73528,-0.362392,1.02123e-17,-2.59E-12,-5.88E-14,-3.20E-14,0,6.69589e-14,0,0,0,0,288.618,-0.516616,0.0554586,0,0.519584,1,0
291,2.91,2.0945e-05,4.33824,0,1.79155e-05,0.00152826,-9.87E-06,1.17469e-06,0,9.93594e-06,2.91,0,0,2.91,1.73529,-0.361293,9.53822e-18,-2.92E-12,-6.40E-14,-2.86E-14,0,7.00727e-14,0,0,0,0,288.618,-0.471073,0.0560867,0,0.4744,1,0
292,2.92,2.09451e-05,4.33827,0,1.79155e-05,0.00141989,-8.91E-06,1.18786e-06,0,8.99125e-06,2.92,0,0,2.92,1.73531,-0.360193,8.8641e-18,-3.26E-12,-6.91E-14,-2.52E-14,0,7.35745e-14,0,0,0,0,288.618,-0.42553,0.0567148,0,0.429293,1,0
293,2.93,2.09453e-05,4.3383,0,1.79156e-05,0.00131153,-7.96E-06,1.20103e-06,0,8.04873e-06,2.93,0,0,2.93,1.73532,-0.359094,8.18999e-18,-3.60E-12,-7.43E-14,-2.18E-14,0,7.74119e-14,0,0,0,0,288.618,-0.379987,0.0573428,0,0.384289,1,0
294,2.94,2.09454e-05,4.33834,0,1.79156e-05,0.00120317,-7.00E-06,1.2142e-06,0,7.10925e-06,2.94,0,0,2.94,1.73533,-0.357994,7.51588e-18,-3.94E-12,-7.94E-14,-1.84E-14,0,8.15373e-14,0,0,0,0,288.618,-0.334444,0.0579709,0,0.339431,1,0
295,2.95,2.09456e-05,4.33837,0,1.79156e-05,0.0010948,-6.05E-06,1.22737e-06,0,6.1742e-06,2.95,0,0,2.95,1.73535,-0.356894,6.84176e-18,-4.27E-12,-8.46E-14,-1.50E-14,0,8.59094e-14,0,0,0,0,288.619,-0.288901,0.058599,0,0.294784,1,0
296,2.96,2.09457e-05,4.3384,0,1.79156e-05,0.000986441,-5.10E-06,1.24054e-06,0,5.24594e-06,2.96,0,0,2.96,1.73536,-0.355795,6.16765e-18,-4.61E-12,-8.97E-14,-1.16E-14,0,9.04923e-14,0,0,0,0,288.619,-0.243358,0.0592271,0,0.250462,1,0
297,2.97,2.09459e-05,4.33844,0,1.79156e-05,0.000878077,-4.14E-06,1.25371e-06,0,4.32886e-06,2.97,0,0,2.97,1.73537,-0.354695,5.49353e-18,-4.95E-12,-9.49E-14,-8.16E-15,0,9.52557e-14,0,0,0,0,288.619,-0.197815,0.0598552,0,0.206672,1,0
298,2.98,2.0946e-05,4.33847,0,1.79156e-05,0.000788962,-3.24E-06,1.26568e-06,0,3.4813e-06,2.98,0,0,2.98,1.73539,-0.353574,4.9175e-18,-5.23E-12,-9.90E-14,-5.59E-15,0,9.91849e-14,0,0,0,0,288.619,-0.154831,0.0604259,0,0.166204,1,0
299,2.99,2.09462e-05,4.33851,0,1.79156e-05,0.000798653,-2.62E-06,1.27148e-06,0,2.91022e-06,2.99,0,0,2.99,1.7354,-0.352339,4.84492e-18,-5.19E-12,-9.78E-14,-7.30E-15,0,9.81154e-14,0,0,0,0,288.62,-0.12498,0.0607021,0,0.138942,1,0
300,3,2.09463e-05,4.33854,0,1.79156e-05,0.000808345,-1.99E-06,1.27729e-06,0,2.36673e-06,3,0,0,3,1.73542,-0.351103,4.77235e-18,-5.16E-12,-9.67E-14,-9.01E-15,0,9.70787e-14,0,0,0,0,288.62,-0.0951294,0.0609783,0,0.112995,1,0
301,3.01,2.09465e-05,4.33858,0,1.79156e-05,0.000818036,-1.37E-06,1.2831e-06,0,1.87496e-06,3.01,0,0,3.01,1.73543,-0.349868,4.69978e-18,-5.13E-12,-9.55E-14,-1.07E-14,0,9.60758e-14,0,0,0,0,288.62,-0.0652787,0.0612544,0,0.0895177,1,0
302,3.02,2.09467e-05,4.33862,0,1.79157e-05,0.000827728,-7.42E-07,1.28891e-06,0,1.48716e-06,3.02,0,0,3.02,1.73545,-0.348633,4.6272e-18,-5.09E-12,-9.43E-14,-1.24E-14,0,9.51078e-14,0,0,0,0,288.62,-0.0354281,0.0615306,0,0.0710012,1,0
303,3.03,2.09468e-05,4.33866,0,1.79157e-05,0.000837419,-1.17E-07,1.29471e-06,0,1.29995e-06,3.03,0,0,3.03,1.73546,-0.347398,4.55463e-18,-5.06E-12,-9.31E-14,-1.41E-14,0,9.41757e-14,0,0,0,0,288.621,-0.00557746,0.0618068,0,0.062058,1,0
304,3.04,2.0947e-05,4.3387,0,1.79157e-05,0.000847111,5.08737e-07,1.30052e-06,0,1.39648e-06,3.04,0,0,3.04,1.73548,-0.346163,4.48206e-18,-5.03E-12,-9.19E-14,-1.58E-14,0,9.32807e-14,0,0,0,0,288.621,0.0242732,0.062083,0,0.0666595,1,0
305,3.05,2.09472e-05,4.33873,0,1.79157e-05,0.000856802,1.13404e-06,1.30633e-06,0,1.72989e-06,3.05,0,0,3.05,1.73549,-0.344928,4.40948e-18,-5.00E-12,-9.07E-14,-1.76E-14,0,9.24239e-14,0,0,0,0,288.621,0.0541238,0.0623592,0,0.0825715,1,0
306,3.06,2.09473e-05,4.33877,0,1.79157e-05,0.000866494,1.75934e-06,1.31213e-06,0,2.19476e-06,3.06,0,0,3.06,1.73551,-0.343693,4.33691e-18,-4.96E-12,-8.96E-14,-1.93E-14,0,9.16062e-14,0,0,0,0,288.621,0.0839745,0.0626354,0,0.104761,1,0
307,3.07,2.09475e-05,4.33881,0,1.79157e-05,0.000876185,2.38464e-06,1.31794e-06,0,2.72461e-06,3.07,0,0,3.07,1.73552,-0.342458,4.26434e-18,-4.93E-12,-8.84E-14,-2.10E-14,0,9.08288e-14,0,0,0,0,288.621,0.113825,0.0629116,0,0.130054,1,0
308,3.08,2.09477e-05,4.33885,0,1.79157e-05,0.000885876,3.00994e-06,1.32375e-06,0,3.28817e-06,3.08,0,0,3.08,1.73554,-0.341223,4.19176e-18,-4.90E-12,-8.72E-14,-2.27E-14,0,9.00927e-14,0,0,0,0,288.622,0.143676,0.0631878,0,0.156957,1,0
309,3.09,2.09478e-05,4.33889,0,1.79157e-05,0.000930726,3.8813e-06,1.32182e-06,0,4.1002e-06,3.09,0,0,3.09,1.73555,-0.339896,4.11312e-18,-4.86E-12,-8.59E-14,-2.45E-14,0,8.93428e-14,0,0,0,0,288.622,0.185272,0.0630962,0,0.195721,1,0
310,3.1,2.0948e-05,4.33893,0,1.79157e-05,0.000999783,4.92206e-06,1.31457e-06,0,5.09458e-06,3.1,0,0,3.1,1.73557,-0.338506,4.03028e-18,-4.82E-12,-8.46E-14,-2.65E-14,0,8.86082e-14,0,0,0,0,288.622,0.234955,0.0627513,0,0.24319,1,0
311,3.11,2.09482e-05,4.33897,0,1.79158e-05,0.00106884,5.96283e-06,1.30733e-06,0,6.10446e-06,3.11,0,0,3.11,1.73559,-0.337116,3.94745e-18,-4.79E-12,-8.32E-14,-2.84E-14,0,8.79314e-14,0,0,0,0,288.622,0.284638,0.0624065,0,0.291399,1,0
312,3.12,2.09484e-05,4.33901,0,1.79158e-05,0.0011379,7.00359e-06,1.30008e-06,0,7.12323e-06,3.12,0,0,3.12,1.7356,-0.335727,3.86462e-18,-4.75E-12,-8.19E-14,-3.04E-14,0,8.7314e-14,0,0,0,0,288.622,0.334321,0.0620617,0,0.340032,1,0
313,3.13,2.09486e-05,4.33905,0,1.79158e-05,0.00121041,7.94474e-06,1.29034e-06,0,8.04884e-06,3.13,0,0,3.13,1.73562,-0.334405,3.61091e-18,-4.80E-12,-8.21E-14,-3.11E-14,0,8.78086e-14,0,0,0,0,288.623,0.379246,0.0615977,0,0.384216,1,0
314,3.14,2.09487e-05,4.33909,0,1.79158e-05,0.00129318,8.5906e-06,1.2732e-06,0,8.68444e-06,3.14,0,0,3.14,1.73563,-0.333284,2.85082e-18,-5.10E-12,-8.72E-14,-2.80E-14,0,9.15922e-14,0,0,0,0,288.623,0.410069,0.0607807,0,0.414549,1,0
315,3.15,2.09489e-05,4.33912,0,1.79158e-05,0.00137594,9.23646e-06,1.25607e-06,0,9.32148e-06,3.15,0,0,3.15,1.73565,-0.332162,2.09072e-18,-5.41E-12,-9.23E-14,-2.50E-14,0,9.55935e-14,0,0,0,0,288.623,0.440892,0.0599637,0,0.444951,1,0
316,3.16,2.0949e-05,4.33916,0,1.79158e-05,0.00145871,9.88232e-06,1.23894e-06,0,9.95968e-06,3.16,0,0,3.16,1.73566,-0.331041,1.33062e-18,-5.71E-12,-9.74E-14,-2.19E-14,0,9.97863e-14,0,0,0,0,288.623,0.471714,0.0591467,0,0.475408,1,0
317,3.17,2.09492e-05,4.33919,0,1.79158e-05,0.00154147,1.05282e-05,1.2218e-06,0,1.05988e-05,3.17,0,0,3.17,1.73568,-0.32992,5.70528e-19,-6.01E-12,-1.02E-13,-1.89E-14,0,1.04148e-13,0,0,0,0,288.624,0.502537,0.0583297,0,0.505911,1,0
318,3.18,2.09494e-05,4.33923,0,1.79158e-05,0.00168702,1.15607e-05,1.21356e-06,0,1.16242e-05,3.18,0,0,3.18,1.73569,-0.328646,-2.89E-19,-6.33E-12,-1.08E-13,-1.59E-14,0,1.0922e-13,0,0,0,0,288.624,0.551815,0.0579355,0,0.554848,1,0
319,3.19,2.09495e-05,4.33927,0,1.79158e-05,0.00184161,1.26488e-05,1.2066e-06,0,1.27063e-05,3.19,0,0,3.19,1.73571,-0.327349,-1.16E-18,-6.64E-12,-1.14E-13,-1.29E-14,0,1.14502e-13,0,0,0,0,288.624,0.603749,0.0576021,0,0.606491,1,0
320,3.2,2.09497e-05,4.33931,0,1.79158e-05,0.0019962,1.3737e-05,1.19964e-06,0,1.37893e-05,3.2,0,0,3.2,1.73572,-0.326051,-2.04E-18,-6.95E-12,-1.19E-13,-9.97E-15,0,1.19897e-13,0,0,0,0,288.624,0.655684,0.0572687,0,0.65818,1,0
321,3.21,2.09499e-05,4.33935,0,1.79158e-05,0.0021508,1.48252e-05,1.19268e-06,0,1.48731e-05,3.21,0,0,3.21,1.73574,-0.324754,-2.91E-18,-7.26E-12,-1.25E-13,-7.01E-15,0,1.25389e-13,0,0,0,0,288.624,0.707619,0.0569354,0,0.709906,1,0
322,3.22,2.09501e-05,4.33939,0,1.79159e-05,0.00230539,1.59133e-05,1.18572e-06,0,1.59574e-05,3.22,0,0,3.22,1.73575,-0.323457,-3.79E-18,-7.58E-12,-1.31E-13,-4.06E-15,0,1.30967e-13,0,0,0,0,288.624,0.759553,0.056602,0,0.761659,1,0
323,3.23,2.09503e-05,4.33943,0,1.79159e-05,0.00245998,1.70015e-05,1.17876e-06,0,1.70423e-05,3.23,0,0,3.23,1.73577,-0.32216,-4.66E-18,-7.89E-12,-1.37E-13,-1.10E-15,0,1.3662e-13,0,0,0,0,288.625,0.811488,0.0562686,0,0.813436,1,0
324,3.24,2.09504e-05,4.33948,0,1.79159e-05,0.00261457,1.80896e-05,1.1718e-06,0,1.81276e-05,3.24,0,0,3.24,1.73579,-0.320863,-5.54E-18,-8.20E-12,-1.42E-13,1.8587e-15,0,1.4234e-13,0,0,0,0,288.625,0.863422,0.0559353,0,0.865232,1,0
325,3.25,2.09506e-05,4.33952,0,1.79159e-05,0.00276916,1.91778e-05,1.16484e-06,0,1.92132e-05,3.25,0,0,3.25,1.7358,-0.319566,-6.41E-18,-8.51E-12,-1.48E-13,4.81611e-15,0,1.48118e-13,0,0,0,0,288.625,0.915357,0.0556019,0,0.917044,1,0
326,3.26,2.09508e-05,4.33956,0,1.79159e-05,0.00292375,2.0266e-05,1.15788e-06,0,2.0299e-05,3.26,0,0,3.26,1.73582,-0.318269,-7.28E-18,-8.83E-12,-1.54E-13,7.77351e-15,0,1.53947e-13,0,0,0,0,288.625,0.967292,0.0552685,0,0.968869,1,0
327,3.27,2.0951e-05,4.3396,0,1.79159e-05,0.00307834,2.13541e-05,1.15092e-06,0,2.13851e-05,3.27,0,0,3.27,1.73583,-0.316972,-8.16E-18,-9.14E-12,-1.59E-13,1.07309e-14,0,1.59823e-13,0,0,0,0,288.625,1.01923,0.0549352,0,1.02071,1,0
328,3.28,2.09511e-05,4.33964,0,1.79159e-05,0.00323294,2.24423e-05,1.14395e-06,0,2.24714e-05,3.28,0,0,3.28,1.73585,-0.315675,-9.03E-18,-9.45E-12,-1.65E-13,1.36883e-14,0,1.6574e-13,0,0,0,0,288.625,1.07116,0.0546018,0,1.07255,1,0
329,3.29,2.09513e-05,4.33968,0,1.79159e-05,0.00338753,2.35305e-05,1.13699e-06,0,2.35579e-05,3.29,0,0,3.29,1.73586,-0.314378,-9.91E-18,-9.76E-12,-1.71E-13,1.66457e-14,0,1.71694e-13,0,0,0,0,288.626,1.1231,0.0542684,0,1.12441,1,0
330,3.3,2.09515e-05,4.33972,0,1.79159e-05,0.0035316,2.45517e-05,1.12996e-06,0,2.45777e-05,3.3,0,0,3.3,1.73588,-0.313053,-1.07E-17,-1.00E-11,-1.76E-13,1.89262e-14,0,1.76721e-13,0,0,0,0,288.626,1.17183,0.0539317,0,1.17308,1,0
331,3.31,2.09517e-05,4.33976,0,1.79159e-05,0.00361137,2.51641e-05,1.1225e-06,0,2.51892e-05,3.31,0,0,3.31,1.7359,-0.311553,-1.09E-17,-1.00E-11,-1.75E-13,1.70698e-14,0,1.75896e-13,0,0,0,0,288.626,1.20105,0.053574,0,1.20224,1,0
332,3.32,2.09519e-05,4.33981,0,1.79159e-05,0.00369114,2.57766e-05,1.11504e-06,0,2.58007e-05,3.32,0,0,3.32,1.73592,-0.310053,-1.10E-17,-9.97E-12,-1.74E-13,1.52135e-14,0,1.7509e-13,0,0,0,0,288.626,1.23026,0.0532164,0,1.23141,1,0
333,3.33,2.09521e-05,4.33986,0,1.7916e-05,0.00377092,2.6389e-05,1.10757e-06,0,2.64123e-05,3.33,0,0,3.33,1.73594,-0.308554,-1.12E-17,-9.94E-12,-1.74E-13,1.33571e-14,0,1.74302e-13,0,0,0,0,288.626,1.25948,0.0528588,0,1.26059,1,0
334,3.34,2.09523e-05,4.3399,0,1.7916e-05,0.00385069,2.70015e-05,1.10011e-06,0,2.70239e-05,3.34,0,0,3.34,1.73595,-0.307054,-1.14E-17,-9.91E-12,-1.73E-13,1.15007e-14,0,1.73533e-13,0,0,0,0,288.627,1.28869,0.0525011,0,1.28976,1,0
335,3.35,2.09525e-05,4.33995,0,1.7916e-05,0.00393047,2.76139e-05,1.09265e-06,0,2.76355e-05,3.35,0,0,3.35,1.73597,-0.305555,-1.15E-17,-9.88E-12,-1.73E-13,9.64439e-15,0,1.72783e-13,0,0,0,0,288.627,1.31791,0.0521435,0,1.31894,1,0
336,3.36,2.09527e-05,4.34,0,1.7916e-05,0.00401024,2.82263e-05,1.08518e-06,0,2.82472e-05,3.36,0,0,3.36,1.73599,-0.304055,-1.17E-17,-9.85E-12,-1.72E-13,7.78803e-15,0,1.72052e-13,0,0,0,0,288.627,1.34712,0.0517859,0,1.34812,1,0
337,3.37,2.09529e-05,4.34004,0,1.7916e-05,0.00409001,2.88388e-05,1.07772e-06,0,2.88589e-05,3.37,0,0,3.37,1.73601,-0.302556,-1.19E-17,-9.82E-12,-1.71E-13,5.93168e-15,0,1.7134e-13,0,0,0,0,288.627,1.37634,0.0514282,0,1.3773,1,0
338,3.38,2.09532e-05,4.34009,0,1.7916e-05,0.00416979,2.94512e-05,1.07026e-06,0,2.94707e-05,3.38,0,0,3.38,1.73603,-0.301056,-1.21E-17,-9.79E-12,-1.71E-13,4.07527e-15,0,1.70648e-13,0,0,0,0,288.627,1.40555,0.0510706,0,1.40648,1,0
339,3.39,2.09534e-05,4.34014,0,1.7916e-05,0.00424956,3.00637e-05,1.06279e-06,0,3.00824e-05,3.39,0,0,3.39,1.73605,-0.299557,-1.22E-17,-9.76E-12,-1.70E-13,2.21892e-15,0,1.69975e-13,0,0,0,0,288.628,1.43476,0.050713,0,1.43566,1,0
340,3.4,2.09536e-05,4.34018,0,1.7916e-05,0.00432933,3.06761e-05,1.05533e-06,0,3.06942e-05,3.4,0,0,3.4,1.73606,-0.298057,-1.24E-17,-9.73E-12,-1.69E-13,3.62559e-16,0,1.69323e-13,0,0,0,0,288.628,1.46398,0.0503553,0,1.46485,1,0
341,3.41,2.09538e-05,4.34023,0,1.7916e-05,0.00440911,3.12885e-05,1.04787e-06,0,3.13061e-05,3.41,0,0,3.41,1.73608,-0.296558,-1.26E-17,-9.70E-12,-1.69E-13,-1.49E-15,0,1.68691e-13,0,0,0,0,288.628,1.49319,0.0499977,0,1.49403,1,0
342,3.42,2.0954e-05,4.34027,0,1.7916e-05,0.00453836,3.22154e-05,1.03152e-06,0,3.22319e-05,3.42,0,0,3.42,1.7361,-0.295178,-1.27E-17,-9.67E-12,-1.68E-13,-3.35E-15,0,1.6808e-13,0,0,0,0,288.628,1.53741,0.0492178,0,1.5382,1,0
343,3.43,2.09541e-05,4.34031,0,1.7916e-05,0.0046984,3.33378e-05,1.00966e-06,0,3.33531e-05,3.43,0,0,3.43,1.73611,-0.293872,-1.29E-17,-9.64E-12,-1.67E-13,-5.21E-15,0,1.67489e-13,0,0,0,0,288.628,1.59097,0.0481752,0,1.5917,1,0
344,3.44,2.09543e-05,4.34036,0,1.7916e-05,0.00485843,3.44602e-05,9.8779e-07,0,3.44743e-05,3.44,0,0,3.44,1.73613,-0.292566,-1.31E-17,-9.61E-12,-1.67E-13,-7.06E-15,0,1.66919e-13,0,0,0,0,288.628,1.64452,0.0471326,0,1.6452,1,0
345,3.45,2.09545e-05,4.3404,0,1.79161e-05,0.00501846,3.55826e-05,9.65924e-07,0,3.55957e-05,3.45,0,0,3.45,1.73615,-0.291261,-1.33E-17,-9.58E-12,-1.66E-13,-8.92E-15,0,1.66371e-13,0,0,0,0,288.629,1.69808,0.04609,0,1.6987,1,0
346,3.46,2.09547e-05,4.34044,0,1.79161e-05,0.00517849,3.6705e-05,9.44058e-07,0,3.67171e-05,3.46,0,0,3.46,1.73616,-0.289955,-1.34E-17,-9.55E-12,-1.65E-13,-1.08E-14,0,1.65844e-13,0,0,0,0,288.629,1.75163,0.0450475,0,1.75221,1,0
347,3.47,2.09549e-05,4.34048,0,1.79161e-05,0.00533095,3.77779e-05,9.22394e-07,0,3.77892e-05,3.47,0,0,3.47,1.73618,-0.288689,-1.37E-17,-9.55E-12,-1.65E-13,-1.22E-14,0,1.65842e-13,0,0,0,0,288.629,1.80283,0.0440146,0,1.80336,1,0
348,3.48,2.0955e-05,4.34051,0,1.79161e-05,0.00542351,3.84598e-05,9.02331e-07,0,3.84704e-05,3.48,0,0,3.48,1.73619,-0.287734,-1.46E-17,-9.80E-12,-1.70E-13,-1.04E-14,0,1.69848e-13,0,0,0,0,288.629,1.83535,0.0430584,0,1.83586,1,0
349,3.49,2.09551e-05,4.34054,0,1.79161e-05,0.00551607,3.91417e-05,8.82267e-07,0,3.91516e-05,3.49,0,0,3.49,1.7362,-0.286779,-1.56E-17,-1.01E-11,-1.74E-13,-8.65E-15,0,1.73879e-13,0,0,0,0,288.629,1.86787,0.0421023,0,1.86835,1,0
350,3.5,2.09553e-05,4.34057,0,1.79161e-05,0.00560863,3.98235e-05,8.62204e-07,0,3.98328e-05,3.5,0,0,3.5,1.73621,-0.285825,-1.65E-17,-1.03E-11,-1.78E-13,-6.86E-15,0,1.77932e-13,0,0,0,0,288.629,1.9004,0.0411461,0,1.90084,1,0
351,3.51,2.09554e-05,4.3406,0,1.79161e-05,0.00570119,4.05054e-05,8.42141e-07,0,4.05141e-05,3.51,0,0,3.51,1.73622,-0.28487,-1.74E-17,-1.06E-11,-1.82E-13,-5.07E-15,0,1.82007e-13,0,0,0,0,288.629,1.93292,0.04019,0,1.93334,1,0
352,3.52,2.09555e-05,4.34063,0,1.79161e-05,0.00579375,4.11872e-05,8.22078e-07,0,4.11954e-05,3.52,0,0,3.52,1.73624,-0.283916,-1.84E-17,-1.08E-11,-1.86E-13,-3.28E-15,0,1.86102e-13,0,0,0,0,288.629,1.96544,0.0392338,0,1.96583,1,0
353,3.53,2.09556e-05,4.34066,0,1.79161e-05,0.00588631,4.18691e-05,8.02014e-07,0,4.18768e-05,3.53,0,0,3.53,1.73625,-0.282961,-1.93E-17,-1.11E-11,-1.90E-13,-1.49E-15,0,1.90215e-13,0,0,0,0,288.63,1.99797,0.0382777,0,1.99833,1,0
354,3.54,2.09558e-05,4.34069,0,1.79161e-05,0.00597887,4.25509e-05,7.81951e-07,0,4.25581e-05,3.54,0,0,3.54,1.73626,-0.282006,-2.02E-17,-1.13E-11,-1.94E-13,2.94172e-16,0,1.94346e-13,0,0,0,0,288.63,2.03049,0.0373215,0,2.03083,1,0
355,3.55,2.09559e-05,4.34072,0,1.79161e-05,0.00613035,4.36204e-05,7.65868e-07,0,4.36272e-05,3.55,0,0,3.55,1.73627,-0.281202,-2.08E-17,-1.15E-11,-1.99E-13,2.22619e-15,0,1.99036e-13,0,0,0,0,288.63,2.08151,0.0365534,0,2.08183,1,0
356,3.56,2.0956e-05,4.34075,0,1.79161e-05,0.00628501,4.47108e-05,7.5e-07,0,4.47171e-05,3.56,0,0,3.56,1.73628,-0.280405,-2.14E-17,-1.18E-11,-2.04E-13,4.16594e-15,0,2.03773e-13,0,0,0,0,288.63,2.13353,0.0357955,0,2.13383,1,0
357,3.57,2.09561e-05,4.34077,0,1.79161e-05,0.00643966,4.58011e-05,7.34131e-07,0,4.5807e-05,3.57,0,0,3.57,1.73629,-0.279608,-2.19E-17,-1.20E-11,-2.08E-13,6.10569e-15,0,2.08527e-13,0,0,0,0,288.63,2.18555,0.0350375,0,2.18583,1,0
358,3.58,2.09562e-05,4.3408,0,1.79161e-05,0.00659431,4.68915e-05,7.18262e-07,0,4.6897e-05,3.58,0,0,3.58,1.7363,-0.278812,-2.25E-17,-1.22E-11,-2.13E-13,8.04543e-15,0,2.13297e-13,0,0,0,0,288.63,2.23757,0.0342795,0,2.23783,1,0
359,3.59,2.09563e-05,4.34083,0,1.79161e-05,0.00674897,4.79818e-05,7.02394e-07,0,4.79869e-05,3.59,0,0,3.59,1.73631,-0.278015,-2.31E-17,-1.24E-11,-2.18E-13,9.98518e-15,0,2.18081e-13,0,0,0,0,288.63,2.28958,0.0335215,0,2.28983,1,0
360,3.6,2.09564e-05,4.34085,0,1.79161e-05,0.00690362,4.90721e-05,6.86525e-07,0,4.90769e-05,3.6,0,0,3.6,1.73632,-0.277218,-2.36E-17,-1.26E-11,-2.23E-13,1.19249e-14,0,2.22878e-13,0,0,0,0,288.63,2.3416,0.0327635,0,2.34183,1,0
361,3.61,2.09565e-05,4.34088,0,1.79161e-05,0.00705827,5.01625e-05,6.70656e-07,0,5.0167e-05,3.61,0,0,3.61,1.73633,-0.276421,-2.42E-17,-1.28E-11,-2.27E-13,1.38647e-14,0,2.27689e-13,0,0,0,0,288.63,2.39362,0.0320055,0,2.39383,1,0
362,3.62,2.09567e-05,4.34091,0,1.79162e-05,0.00721293,5.12528e-05,6.54788e-07,0,5.1257e-05,3.62,0,0,3.62,1.73634,-0.275625,-2.47E-17,-1.31E-11,-2.32E-13,1.58044e-14,0,2.32511e-13,0,0,0,0,288.631,2.44564,0.0312475,0,2.44584,1,0
363,3.63,2.09568e-05,4.34093,0,1.79162e-05,0.00736758,5.23432e-05,6.38919e-07,0,5.23471e-05,3.63,0,0,3.63,1.73635,-0.274828,-2.53E-17,-1.33E-11,-2.37E-13,1.77442e-14,0,2.37345e-13,0,0,0,0,288.631,2.49766,0.0304895,0,2.49784,1,0
364,3.64,2.09569e-05,4.34096,0,1.79162e-05,0.00752224,5.34335e-05,6.2305e-07,0,5.34371e-05,3.64,0,0,3.64,1.73636,-0.274031,-2.59E-17,-1.35E-11,-2.41E-13,1.9684e-14,0,2.42189e-13,0,0,0,0,288.631,2.54967,0.0297315,0,2.54985,1,0
365,3.65,2.0957e-05,4.34099,0,1.79162e-05,0.00767689,5.45238e-05,6.07181e-07,0,5.45272e-05,3.65,0,0,3.65,1.73637,-0.273234,-2.64E-17,-1.37E-11,-2.46E-13,2.16237e-14,0,2.47043e-13,0,0,0,0,288.631,2.60169,0.0289736,0,2.60185,1,0
366,3.66,2.09571e-05,4.34101,0,1.79162e-05,0.00783154,5.56142e-05,5.91313e-07,0,5.56173e-05,3.66,0,0,3.66,1.73638,-0.272438,-2.70E-17,-1.39E-11,-2.51E-13,2.35635e-14,0,2.51907e-13,0,0,0,0,288.631,2.65371,0.0282156,0,2.65386,1,0
367,3.67,2.09572e-05,4.34104,0,1.79162e-05,0.00797857,5.66542e-05,5.76065e-07,0,5.66571e-05,3.67,0,0,3.67,1.73639,-0.271621,-2.74E-17,-1.41E-11,-2.55E-13,2.50751e-14,0,2.56144e-13,0,0,0,0,288.631,2.70333,0.0274872,0,2.70346,1,0
368,3.68,2.09573e-05,4.34107,0,1.79162e-05,0.00807326,5.7349e-05,5.65078e-07,0,5.73518e-05,3.68,0,0,3.68,1.7364,-0.27067,-2.72E-17,-1.40E-11,-2.55E-13,2.36505e-14,0,2.56038e-13,0,0,0,0,288.631,2.73646,0.026962,0,2.73659,1,0
369,3.69,2.09575e-05,4.3411,0,1.79162e-05,0.00816795,5.80438e-05,5.54091e-07,0,5.80464e-05,3.69,0,0,3.69,1.73641,-0.269719,-2.70E-17,-1.40E-11,-2.55E-13,2.22259e-14,0,2.55939e-13,0,0,0,0,288.631,2.76959,0.0264368,0,2.76971,1,0
370,3.7,2.09576e-05,4.34113,0,1.79162e-05,0.00826265,5.87385e-05,5.43103e-07,0,5.8741e-05,3.7,0,0,3.7,1.73642,-0.268768,-2.67E-17,-1.39E-11,-2.55E-13,2.08014e-14,0,2.55848e-13,0,0,0,0,288.631,2.80272,0.0259116,0,2.80284,1,0
371,3.71,2.09577e-05,4.34117,0,1.79162e-05,0.00835734,5.94333e-05,5.32116e-07,0,5.94357e-05,3.71,0,0,3.71,1.73643,-0.267817,-2.65E-17,-1.39E-11,-2.55E-13,1.93768e-14,0,2.55765e-13,0,0,0,0,288.631,2.83585,0.0253864,0,2.83596,1,0
372,3.72,2.09579e-05,4.3412,0,1.79162e-05,0.00845204,6.01281e-05,5.21129e-07,0,6.01304e-05,3.72,0,0,3.72,1.73644,-0.266866,-2.63E-17,-1.38E-11,-2.55E-13,1.79522e-14,0,2.5569e-13,0,0,0,0,288.632,2.86898,0.0248611,0,2.86909,1,0
373,3.73,2.0958e-05,4.34123,0,1.79162e-05,0.00854673,6.08229e-05,5.10142e-07,0,6.0825e-05,3.73,0,0,3.73,1.73646,-0.265915,-2.60E-17,-1.37E-11,-2.55E-13,1.65277e-14,0,2.55623e-13,0,0,0,0,288.632,2.90211,0.0243359,0,2.90221,1,0
374,3.74,2.09581e-05,4.34126,0,1.79162e-05,0.00864143,6.15177e-05,4.99154e-07,0,6.15197e-05,3.74,0,0,3.74,1.73647,-0.264964,-2.58E-17,-1.37E-11,-2.55E-13,1.51031e-14,0,2.55564e-13,0,0,0,0,288.632,2.93524,0.0238107,0,2.93534,1,0
375,3.75,2.09583e-05,4.34129,0,1.79162e-05,0.00873612,6.22125e-05,4.88167e-07,0,6.22144e-05,3.75,0,0,3.75,1.73648,-0.264013,-2.56E-17,-1.36E-11,-2.55E-13,1.36786e-14,0,2.55512e-13,0,0,0,0,288.632,2.96837,0.0232855,0,2.96846,1,0
376,3.76,2.09584e-05,4.34132,0,1.79162e-05,0.00883081,6.29072e-05,4.7718e-07,0,6.29091e-05,3.76,0,0,3.76,1.73649,-0.263062,-2.53E-17,-1.35E-11,-2.55E-13,1.2254e-14,0,2.55469e-13,0,0,0,0,288.632,3.0015,0.0227603,0,3.00159,1,0
377,3.77,2.09585e-05,4.34135,0,1.79162e-05,0.00892551,6.3602e-05,4.66193e-07,0,6.36037e-05,3.77,0,0,3.77,1.7365,-0.262111,-2.51E-17,-1.35E-11,-2.55E-13,1.08294e-14,0,2.55434e-13,0,0,0,0,288.632,3.03464,0.0222351,0,3.03472,1,0
378,3.78,2.09587e-05,4.34138,0,1.79162e-05,0.0090202,6.42968e-05,4.55205e-07,0,6.42984e-05,3.78,0,0,3.78,1.73651,-0.26116,-2.49E-17,-1.34E-11,-2.55E-13,9.40485e-15,0,2.55406e-13,0,0,0,0,288.632,3.06777,0.0217099,0,3.06784,1,0
379,3.79,2.09588e-05,4.34142,0,1.79162e-05,0.0091568,6.52708e-05,4.43174e-07,0,6.52723e-05,3.79,0,0,3.79,1.73653,-0.260091,-2.46E-17,-1.33E-11,-2.55E-13,7.85061e-15,0,2.55385e-13,0,0,0,0,288.632,3.11421,0.0211365,0,3.11428,1,0
380,3.8,2.0959e-05,4.34146,0,1.79162e-05,0.0093212,6.643e-05,4.30449e-07,0,6.64314e-05,3.8,0,0,3.8,1.73654,-0.258945,-2.44E-17,-1.33E-11,-2.55E-13,6.21027e-15,0,2.55373e-13,0,0,0,0,288.632,3.1695,0.0205311,0,3.16957,1,0
381,3.81,2.09591e-05,4.3415,0,1.79162e-05,0.00948561,6.75893e-05,4.17723e-07,0,6.75905e-05,3.81,0,0,3.81,1.73655,-0.257799,-2.41E-17,-1.32E-11,-2.55E-13,4.56994e-15,0,2.55372e-13,0,0,0,0,288.632,3.22479,0.0199257,0,3.22485,1,0
382,3.82,2.09593e-05,4.34153,0,1.79162e-05,0.00965001,6.87485e-05,4.04998e-07,0,6.87497e-05,3.82,0,0,3.82,1.73657,-0.256652,-2.38E-17,-1.31E-11,-2.55E-13,2.92961e-15,0,2.55381e-13,0,0,0,0,288.632,3.28007,0.0193204,0,3.28013,1,0
383,3.83,2.09595e-05,4.34157,0,1.79162e-05,0.00981442,6.99078e-05,3.92273e-07,0,6.99089e-05,3.83,0,0,3.83,1.73658,-0.255506,-2.36E-17,-1.30E-11,-2.55E-13,1.28928e-15,0,2.55401e-13,0,0,0,0,288.633,3.33536,0.018715,0,3.33541,1,0
384,3.84,2.09596e-05,4.34161,0,1.79163e-05,0.00997882,7.1067e-05,3.79548e-07,0,7.1068e-05,3.84,0,0,3.84,1.7366,-0.254359,-2.33E-17,-1.30E-11,-2.55E-13,-3.51E-16,0,2.55432e-13,0,0,0,0,288.633,3.39064,0.0181096,0,3.39069,1,0
385,3.85,2.09598e-05,4.34165,0,1.79163e-05,0.0101432,7.22263e-05,3.66823e-07,0,7.22272e-05,3.85,0,0,3.85,1.73661,-0.253213,-2.30E-17,-1.29E-11,-2.55E-13,-1.99E-15,0,2.55472e-13,0,0,0,0,288.633,3.44593,0.0175042,0,3.44597,1,0
386,3.86,2.096e-05,4.34169,0,1.79163e-05,0.0103076,7.33855e-05,3.54098e-07,0,7.33864e-05,3.86,0,0,3.86,1.73662,-0.252066,-2.28E-17,-1.28E-11,-2.55E-13,-3.63E-15,0,2.55524e-13,0,0,0,0,288.633,3.50121,0.0168989,0,3.50126,1,0
387,3.87,2.09601e-05,4.34172,0,1.79163e-05,0.0104519,7.4409e-05,3.42121e-07,0,7.44098e-05,3.87,0,0,3.87,1.73664,-0.251028,-2.27E-17,-1.28E-11,-2.56E-13,-4.64E-15,0,2.56289e-13,0,0,0,0,288.633,3.55002,0.0163289,0,3.55006,1,0
388,3.88,2.09602e-05,4.34175,0,1.79163e-05,0.0105458,7.5094e-05,3.32009e-07,0,7.50947e-05,3.88,0,0,3.88,1.73665,-0.25026,-2.34E-17,-1.30E-11,-2.59E-13,-4.06E-15,0,2.5881e-13,0,0,0,0,288.633,3.58268,0.0158473,0,3.58271,1,0
389,3.89,2.09603e-05,4.34178,0,1.79163e-05,0.0106398,7.57789e-05,3.21897e-07,0,7.57796e-05,3.89,0,0,3.89,1.73666,-0.249491,-2.40E-17,-1.33E-11,-2.61E-13,-3.47E-15,0,2.61334e-13,0,0,0,0,288.633,3.61533,0.0153656,0,3.61536,1,0
390,3.9,2.09604e-05,4.3418,0,1.79163e-05,0.0107338,7.64639e-05,3.11785e-07,0,7.64645e-05,3.9,0,0,3.9,1.73666,-0.248723,-2.46E-17,-1.35E-11,-2.64E-13,-2.89E-15,0,2.63858e-13,0,0,0,0,288.633,3.64799,0.014884,0,3.64802,1,0
391,3.91,2.09605e-05,4.34183,0,1.79163e-05,0.0108277,7.71488e-05,3.01673e-07,0,7.71494e-05,3.91,0,0,3.91,1.73667,-0.247955,-2.52E-17,-1.37E-11,-2.66E-13,-2.31E-15,0,2.66384e-13,0,0,0,0,288.633,3.68064,0.0144023,0,3.68067,1,0
392,3.92,2.09607e-05,4.34186,0,1.79163e-05,0.0109217,7.78337e-05,2.91561e-07,0,7.78343e-05,3.92,0,0,3.92,1.73668,-0.247186,-2.59E-17,-1.39E-11,-2.69E-13,-1.73E-15,0,2.68912e-13,0,0,0,0,288.633,3.7133,0.0139207,0,3.71332,1,0
393,3.93,2.09608e-05,4.34188,0,1.79163e-05,0.0110156,7.85187e-05,2.81449e-07,0,7.85192e-05,3.93,0,0,3.93,1.73669,-0.246418,-2.65E-17,-1.41E-11,-2.71E-13,-1.15E-15,0,2.71441e-13,0,0,0,0,288.633,3.74595,0.0134391,0,3.74598,1,0
394,3.94,2.09609e-05,4.34191,0,1.79163e-05,0.0111096,7.92036e-05,2.71337e-07,0,7.92041e-05,3.94,0,0,3.94,1.7367,-0.24565,-2.71E-17,-1.43E-11,-2.74E-13,-5.69E-16,0,2.73971e-13,0,0,0,0,288.633,3.77861,0.0129574,0,3.77863,1,0
395,3.95,2.0961e-05,4.34193,0,1.79163e-05,0.0112036,7.98886e-05,2.61225e-07,0,7.9889e-05,3.95,0,0,3.95,1.73671,-0.244881,-2.77E-17,-1.45E-11,-2.77E-13,1.24771e-17,0,2.76502e-13,0,0,0,0,288.633,3.81126,0.0124758,0,3.81128,1,0
396,3.96,2.09611e-05,4.34197,0,1.79163e-05,0.011356,8.09687e-05,2.46632e-07,0,8.0969e-05,3.96,0,0,3.96,1.73672,-0.24395,-2.84E-17,-1.47E-11,-2.80E-13,1.01873e-15,0,2.79503e-13,0,0,0,0,288.633,3.86276,0.0117789,0,3.86278,1,0
397,3.97,2.09613e-05,4.342,0,1.79163e-05,0.0115209,8.21336e-05,2.31076e-07,0,8.21339e-05,3.97,0,0,3.97,1.73673,-0.242983,-2.90E-17,-1.49E-11,-2.83E-13,2.11628e-15,0,2.82608e-13,0,0,0,0,288.633,3.91831,0.0110357,0,3.91832,1,0
398,3.98,2.09614e-05,4.34203,0,1.79163e-05,0.0116859,8.32985e-05,2.15521e-07,0,8.32988e-05,3.98,0,0,3.98,1.73675,-0.242017,-2.96E-17,-1.51E-11,-2.86E-13,3.21383e-15,0,2.85718e-13,0,0,0,0,288.633,3.97385,0.0102926,0,3.97387,1,0
399,3.99,2.09616e-05,4.34207,0,1.79163e-05,0.0118508,8.44634e-05,1.99966e-07,0,8.44636e-05,3.99,0,0,3.99,1.73676,-0.241051,-3.02E-17,-1.54E-11,-2.89E-13,4.31137e-15,0,2.88831e-13,0,0,0,0,288.633,4.0294,0.00954941,0,4.02941,1,0
400,4,2.09617e-05,4.3421,0,1.79163e-05,0.0120158,8.56283e-05,1.84411e-07,0,8.56285e-05,4,0,0,4,1.73677,-0.240084,-3.08E-17,-1.56E-11,-2.92E-13,5.40892e-15,0,2.91949e-13,0,0,0,0,288.633,4.08495,0.00880627,0,4.08496,1,0
401,4.01,2.09618e-05,4.34214,0,1.79163e-05,0.0121807,8.67932e-05,1.68855e-07,0,8.67934e-05,4.01,0,0,4.01,1.73678,-0.239118,-3.14E-17,-1.58E-11,-2.95E-13,6.5065e-15,0,2.9507e-13,0,0,0,0,288.633,4.14049,0.0080631,0,4.1405,1,0
402,4.02,2.0962e-05,4.34217,0,1.79163e-05,0.0123457,8.79581e-05,1.533e-07,0,8.79583e-05,4.02,0,0,4.02,1.73679,-0.238151,-3.20E-17,-1.60E-11,-2.98E-13,7.60402e-15,0,2.98194e-13,0,0,0,0,288.633,4.19604,0.00731997,0,4.19605,1,0
403,4.03,2.09621e-05,4.34221,0,1.79163e-05,0.0125106,8.91231e-05,1.37744e-07,0,8.91232e-05,4.03,0,0,4.03,1.7368,-0.237185,-3.26E-17,-1.62E-11,-3.01E-13,8.70159e-15,0,3.01323e-13,0,0,0,0,288.633,4.25159,0.00657681,0,4.25159,1,0
404,4.04,2.09623e-05,4.34224,0,1.79163e-05,0.0126755,9.0288e-05,1.2219e-07,0,9.0288e-05,4.04,0,0,4.04,1.73682,-0.236218,-3.32E-17,-1.64E-11,-3.04E-13,9.79911e-15,0,3.04454e-13,0,0,0,0,288.633,4.30713,0.00583368,0,4.30714,1,0
405,4.05,2.09624e-05,4.34227,0,1.79163e-05,0.0128405,9.14529e-05,1.06634e-07,0,9.1453e-05,4.05,0,0,4.05,1.73683,-0.235252,-3.38E-17,-1.66E-11,-3.07E-13,1.08967e-14,0,3.07589e-13,0,0,0,0,288.633,4.36268,0.00509052,0,4.36268,1,0
406,4.06,2.09626e-05,4.34231,0,1.79163e-05,0.0130054,9.26178e-05,9.1079e-08,0,9.26178e-05,4.06,0,0,4.06,1.73684,-0.234286,-3.44E-17,-1.68E-11,-3.10E-13,1.19942e-14,0,3.10727e-13,0,0,0,0,288.633,4.41822,0.00434739,0,4.41823,1,0
407,4.07,2.09627e-05,4.34234,0,1.79163e-05,0.0131704,9.37827e-05,7.55233e-08,0,9.37827e-05,4.07,0,0,4.07,1.73685,-0.233319,-3.50E-17,-1.70E-11,-3.14E-13,1.30918e-14,0,3.13868e-13,0,0,0,0,288.633,4.47377,0.00360422,0,4.47377,1,0
408,4.08,2.09628e-05,4.34238,0,1.79163e-05,0.0133353,9.49476e-05,5.99684e-08,0,9.49476e-05,4.08,0,0,4.08,1.73686,-0.232353,-3.56E-17,-1.72E-11,-3.17E-13,1.41893e-14,0,3.17012e-13,0,0,0,0,288.633,4.52932,0.00286109,0,4.52932,1,0
409,4.09,2.0963e-05,4.34241,0,1.79163e-05,0.0135003,9.61125e-05,4.44128e-08,0,9.61126e-05,4.09,0,0,4.09,1.73688,-0.231386,-3.62E-17,-1.74E-11,-3.20E-13,1.52869e-14,0,3.20159e-13,0,0,0,0,288.633,4.58487,0.00211793,0,4.58487,1,0
410,4.1,2.09631e-05,4.34245,0,1.79163e-05,0.0136314,9.70482e-05,3.19181e-08,0,9.70482e-05,4.1,0,0,4.1,1.73689,-0.23033,-3.64E-17,-1.75E-11,-3.22E-13,1.55432e-14,0,3.22203e-13,0,0,0,0,288.633,4.62947,0.0015207,0,4.62947,1,0
411,4.11,2.09633e-05,4.34249,0,1.79163e-05,0.0137155,9.76642e-05,2.36898e-08,0,9.76642e-05,4.11,0,0,4.11,1.7369,-0.22915,-3.61E-17,-1.74E-11,-3.22E-13,1.46266e-14,0,3.22708e-13,0,0,0,0,288.633,4.65881,0.00112687,0,4.65881,1,0
412,4.12,2.09635e-05,4.34253,0,1.79163e-05,0.0137995,9.82802e-05,1.54619e-08,0,9.82802e-05,4.12,0,0,4.12,1.73692,-0.227969,-3.59E-17,-1.74E-11,-3.23E-13,1.37101e-14,0,3.23217e-13,0,0,0,0,288.633,4.68815,0.000733063,0,4.68815,1,0
413,4.13,2.09636e-05,4.34256,0,1.79163e-05,0.0138835,9.88962e-05,7.23358e-09,0,9.88962e-05,4.13,0,0,4.13,1.73693,-0.226789,-3.56E-17,-1.73E-11,-3.23E-13,1.27935e-14,0,3.23728e-13,0,0,0,0,288.633,4.7175,0.000339235,0,4.7175,1,0
414,4.14,2.09638e-05,4.3426,0,1.79163e-05,0.0139675,9.95122e-05,-9.94E-10,0,9.95122e-05,4.14,0,0,4.14,1.73695,-0.225608,-3.53E-17,-1.72E-11,-3.24E-13,1.1877e-14,0,3.24242e-13,0,0,0,0,288.633,4.74684,-5.46E-05,0,4.74684,1,0
415,4.15,2.0964e-05,4.34264,0,1.79163e-05,0.0140516,0.000100128,-9.22E-09,0,0.000100128,4.15,0,0,4.15,1.73696,-0.224427,-3.50E-17,-1.71E-11,-3.25E-13,1.09604e-14,0,3.24759e-13,0,0,0,0,288.633,4.77618,-0.000448402,0,4.77618,1,0
416,4.16,2.09641e-05,4.34268,0,1.79163e-05,0.0141356,0.000100744,-1.75E-08,0,0.000100744,4.16,0,0,4.16,1.73697,-0.223247,-3.48E-17,-1.71E-11,-3.25E-13,1.00439e-14,0,3.25278e-13,0,0,0,0,288.634,4.80552,-0.000842211,0,4.80552,1,0
417,4.17,2.09643e-05,4.34272,0,1.79163e-05,0.0142196,0.00010136,-2.57E-08,0,0.00010136,4.17,0,0,4.17,1.73699,-0.222066,-3.45E-17,-1.70E-11,-3.26E-13,9.12733e-15,0,3.258e-13,0,0,0,0,288.634,4.83487,-0.00123604,0,4.83487,1,0
418,4.18,2.09645e-05,4.34276,0,1.79163e-05,0.0143036,0.000101976,-3.39E-08,0,0.000101976,4.18,0,0,4.18,1.737,-0.220886,-3.42E-17,-1.69E-11,-3.26E-13,8.21081e-15,0,3.26325e-13,0,0,0,0,288.634,4.86421,-0.00162985,0,4.86421,1,0
419,4.19,2.09646e-05,4.3428,0,1.79163e-05,0.0143877,0.000102592,-4.21E-08,0,0.000102592,4.19,0,0,4.19,1.73702,-0.219705,-3.40E-17,-1.68E-11,-3.27E-13,7.29424e-15,0,3.26852e-13,0,0,0,0,288.634,4.89355,-0.00202368,0,4.89355,1,0
420,4.2,2.09648e-05,4.34284,0,1.79163e-05,0.0144717,0.000103208,-5.04E-08,0,0.000103208,4.2,0,0,4.2,1.73703,-0.218524,-3.37E-17,-1.68E-11,-3.27E-13,6.37771e-15,0,3.27382e-13,0,0,0,0,288.634,4.92289,-0.00241748,0,4.92289,1,0
421,4.21,2.0965e-05,4.34288,0,1.79163e-05,0.0145557,0.000103824,-5.86E-08,0,0.000103824,4.21,0,0,4.21,1.73705,-0.217344,-3.34E-17,-1.67E-11,-3.28E-13,5.46114e-15,0,3.27914e-13,0,0,0,0,288.634,4.95224,-0.00281131,0,4.95224,1,0
422,4.22,2.09651e-05,4.34292,0,1.79163e-05,0.0146397,0.00010444,-6.68E-08,0,0.00010444,4.22,0,0,4.22,1.73706,-0.216163,-3.32E-17,-1.66E-11,-3.28E-13,4.54461e-15,0,3.2845e-13,0,0,0,0,288.634,4.98158,-0.00320512,0,4.98158,1,0
423,4.23,2.09653e-05,4.34295,0,1.79163e-05,0.0147706,0.000105376,-7.59E-08,0,0.000105376,4.23,0,0,4.23,1.73707,-0.215156,-3.29E-17,-1.65E-11,-3.29E-13,3.62804e-15,0,3.28987e-13,0,0,0,0,288.634,5.02615,-0.00363812,0,5.02615,1,0
424,4.24,2.09654e-05,4.34298,0,1.79163e-05,0.014934,0.000106532,-8.56E-08,0,0.000106532,4.24,0,0,4.24,1.73708,-0.214269,-3.26E-17,-1.65E-11,-3.30E-13,2.71151e-15,0,3.29528e-13,0,0,0,0,288.634,5.0813,-0.00409828,0,5.0813,1,0
425,4.25,2.09656e-05,4.34302,0,1.79163e-05,0.0150974,0.000107689,-9.52E-08,0,0.000107689,4.25,0,0,4.25,1.73709,-0.213381,-3.24E-17,-1.64E-11,-3.30E-13,1.79494e-15,0,3.30071e-13,0,0,0,0,288.634,5.13645,-0.00455848,0,5.13645,1,0
426,4.26,2.09657e-05,4.34305,0,1.79163e-05,0.0152609,0.000108846,-1.05E-07,0,0.000108846,4.26,0,0,4.26,1.73711,-0.212494,-3.21E-17,-1.63E-11,-3.31E-13,8.78371e-16,0,3.30616e-13,0,0,0,0,288.634,5.1916,-0.00501867,0,5.1916,1,0
427,4.27,2.09658e-05,4.34308,0,1.79163e-05,0.0154243,0.000110003,-1.15E-07,0,0.000110003,4.27,0,0,4.27,1.73712,-0.211607,-3.18E-17,-1.63E-11,-3.31E-13,-3.82E-17,0,3.31164e-13,0,0,0,0,288.634,5.24675,-0.00547884,0,5.24675,1,0
428,4.28,2.0966e-05,4.34312,0,1.79163e-05,0.0155877,0.00011116,-1.24E-07,0,0.00011116,4.28,0,0,4.28,1.73713,-0.21072,-3.16E-17,-1.62E-11,-3.32E-13,-9.55E-16,0,3.31715e-13,0,0,0,0,288.634,5.3019,-0.00593903,0,5.3019,1,0
429,4.29,2.09661e-05,4.34315,0,1.79163e-05,0.0157511,0.000112317,-1.34E-07,0,0.000112317,4.29,0,0,4.29,1.73714,-0.209833,-3.13E-17,-1.61E-11,-3.32E-13,-1.87E-15,0,3.32268e-13,0,0,0,0,288.634,5.35705,-0.0063992,0,5.35705,1,0
430,4.3,2.09662e-05,4.34318,0,1.79163e-05,0.0159145,0.000113474,-1.44E-07,0,0.000113474,4.3,0,0,4.3,1.73715,-0.208946,-3.10E-17,-1.60E-11,-3.33E-13,-2.79E-15,0,3.32824e-13,0,0,0,0,288.634,5.4122,-0.00685939,0,5.4122,1,0
431,4.31,2.09664e-05,4.34321,0,1.79163e-05,0.0160779,0.00011463,-1.53E-07,0,0.00011463,4.31,0,0,4.31,1.73716,-0.208059,-3.07E-17,-1.60E-11,-3.33E-13,-3.70E-15,0,3.33382e-13,0,0,0,0,288.634,5.46735,-0.00731956,0,5.46735,1,0
432,4.32,2.09665e-05,4.34325,0,1.79163e-05,0.0162413,0.000115787,-1.63E-07,0,0.000115787,4.32,0,0,4.32,1.73717,-0.207172,-3.05E-17,-1.59E-11,-3.34E-13,-4.62E-15,0,3.33942e-13,0,0,0,0,288.634,5.5225,-0.00777975,0,5.5225,1,0
433,4.33,2.09666e-05,4.34327,0,1.79163e-05,0.0163539,0.000116596,-1.73E-07,0,0.000116596,4.33,0,0,4.33,1.73718,-0.206592,-3.09E-17,-1.60E-11,-3.34E-13,-4.94E-15,0,3.34253e-13,0,0,0,0,288.634,5.56103,-0.00826569,0,5.56103,1,0
434,4.34,2.09666e-05,4.34329,0,1.79163e-05,0.0164452,0.000117257,-1.84E-07,0,0.000117258,4.34,0,0,4.34,1.73718,-0.206141,-3.17E-17,-1.61E-11,-3.34E-13,-5.00E-15,0,3.34457e-13,0,0,0,0,288.634,5.59257,-0.00876249,0,5.59258,1,0
435,4.35,2.09667e-05,4.34331,0,1.79163e-05,0.0165365,0.000117919,-1.94E-07,0,0.000117919,4.35,0,0,4.35,1.73719,-0.20569,-3.25E-17,-1.62E-11,-3.35E-13,-5.06E-15,0,3.34662e-13,0,0,0,0,288.634,5.62412,-0.00925927,0,5.62413,1,0
436,4.36,2.09668e-05,4.34332,0,1.79163e-05,0.0166277,0.000118581,-2.04E-07,0,0.000118581,4.36,0,0,4.36,1.73719,-0.205239,-3.32E-17,-1.64E-11,-3.35E-13,-5.12E-15,0,3.34866e-13,0,0,0,0,288.634,5.65567,-0.00975607,0,5.65568,1,0
437,4.37,2.09669e-05,4.34334,0,1.79163e-05,0.016719,0.000119243,-2.15E-07,0,0.000119243,4.37,0,0,4.37,1.7372,-0.204788,-3.40E-17,-1.65E-11,-3.35E-13,-5.18E-15,0,3.35071e-13,0,0,0,0,288.634,5.68721,-0.0102528,0,5.68722,1,0
438,4.38,2.09669e-05,4.34336,0,1.79163e-05,0.0168102,0.000119905,-2.25E-07,0,0.000119905,4.38,0,0,4.38,1.7372,-0.204337,-3.47E-17,-1.66E-11,-3.35E-13,-5.24E-15,0,3.35275e-13,0,0,0,0,288.633,5.71876,-0.0107496,0,5.71877,1,0
439,4.39,2.0967e-05,4.34338,0,1.79163e-05,0.0169015,0.000120567,-2.36E-07,0,0.000120567,4.39,0,0,4.39,1.73721,-0.203886,-3.55E-17,-1.68E-11,-3.35E-13,-5.31E-15,0,3.3548e-13,0,0,0,0,288.633,5.75031,-0.0112464,0,5.75032,1,0
440,4.4,2.09671e-05,4.34339,0,1.79163e-05,0.0169927,0.000121229,-2.46E-07,0,0.000121229,4.4,0,0,4.4,1.73722,-0.203435,-3.63E-17,-1.69E-11,-3.36E-13,-5.37E-15,0,3.35684e-13,0,0,0,0,288.633,5.78186,-0.0117432,0,5.78187,1,0
441,4.41,2.09671e-05,4.34341,0,1.79163e-05,0.017084,0.000121891,-2.57E-07,0,0.000121891,4.41,0,0,4.41,1.73722,-0.202985,-3.70E-17,-1.71E-11,-3.36E-13,-5.43E-15,0,3.35889e-13,0,0,0,0,288.633,5.8134,-0.01224,0,5.81342,1,0
442,4.42,2.09672e-05,4.34343,0,1.79163e-05,0.0171752,0.000122552,-2.67E-07,0,0.000122553,4.42,0,0,4.42,1.73723,-0.202534,-3.78E-17,-1.72E-11,-3.36E-13,-5.49E-15,0,3.36093e-13,0,0,0,0,288.633,5.84495,-0.0127368,0,5.84496,1,0
443,4.43,2.09673e-05,4.34345,0,1.79163e-05,0.0172665,0.000123214,-2.78E-07,0,0.000123215,4.43,0,0,4.43,1.73723,-0.202083,-3.86E-17,-1.73E-11,-3.36E-13,-5.55E-15,0,3.36298e-13,0,0,0,0,288.633,5.8765,-0.0132336,0,5.87651,1,0
444,4.44,2.09673e-05,4.34346,0,1.79163e-05,0.0173577,0.000123876,-2.88E-07,0,0.000123877,4.44,0,0,4.44,1.73724,-0.201632,-3.93E-17,-1.75E-11,-3.36E-13,-5.61E-15,0,3.36502e-13,0,0,0,0,288.633,5.90804,-0.0137304,0,5.90806,1,0
445,4.45,2.09674e-05,4.34348,0,1.79163e-05,0.017449,0.000124538,-2.98E-07,0,0.000124538,4.45,0,0,4.45,1.73724,-0.201181,-4.01E-17,-1.76E-11,-3.37E-13,-5.67E-15,0,3.36707e-13,0,0,0,0,288.633,5.93959,-0.0142272,0,5.93961,1,0
446,4.46,2.09675e-05,4.3435,0,1.79163e-05,0.017576,0.000125445,-3.12E-07,0,0.000125446,4.46,0,0,4.46,1.73725,-0.200818,-4.08E-17,-1.77E-11,-3.37E-13,-5.46E-15,0,3.37276e-13,0,0,0,0,288.633,5.98284,-0.0148941,0,5.98286,1,0
447,4.47,2.09675e-05,4.34351,0,1.79163e-05,0.0177289,0.00012653,-3.29E-07,0,0.00012653,4.47,0,0,4.47,1.73725,-0.20052,-4.15E-17,-1.78E-11,-3.38E-13,-5.04E-15,0,3.38109e-13,0,0,0,0,288.633,6.03454,-0.0156838,0,6.03456,1,0
448,4.48,2.09676e-05,4.34353,0,1.79163e-05,0.0178817,0.000127614,-3.45E-07,0,0.000127614,4.48,0,0,4.48,1.73725,-0.200222,-4.21E-17,-1.80E-11,-3.39E-13,-4.62E-15,0,3.38942e-13,0,0,0,0,288.633,6.08624,-0.0164736,0,6.08626,1,0
449,4.49,2.09676e-05,4.34355,0,1.79163e-05,0.0180346,0.000128698,-3.62E-07,0,0.000128699,4.49,0,0,4.49,1.73726,-0.199923,-4.28E-17,-1.81E-11,-3.40E-13,-4.20E-15,0,3.39776e-13,0,0,0,0,288.633,6.13793,-0.0172633,0,6.13796,1,0
450,4.5,2.09677e-05,4.34356,0,1.79163e-05,0.0181874,0.000129783,-3.79E-07,0,0.000129783,4.5,0,0,4.5,1.73726,-0.199625,-4.34E-17,-1.82E-11,-3.41E-13,-3.78E-15,0,3.4061e-13,0,0,0,0,288.633,6.18963,-0.0180531,0,6.18966,1,0
451,4.51,2.09677e-05,4.34358,0,1.79162e-05,0.0183403,0.000130867,-3.95E-07,0,0.000130868,4.51,0,0,4.51,1.73727,-0.199326,-4.41E-17,-1.83E-11,-3.41E-13,-3.36E-15,0,3.41445e-13,0,0,0,0,288.632,6.24133,-0.0188428,0,6.24136,1,0
452,4.52,2.09678e-05,4.34359,0,1.79162e-05,0.0184931,0.000131951,-4.12E-07,0,0.000131952,4.52,0,0,4.52,1.73727,-0.199028,-4.47E-17,-1.84E-11,-3.42E-13,-2.95E-15,0,3.4228e-13,0,0,0,0,288.632,6.29303,-0.0196326,0,6.29306,1,0
453,4.53,2.09678e-05,4.34361,0,1.79162e-05,0.018646,0.000133036,-4.28E-07,0,0.000133036,4.53,0,0,4.53,1.73727,-0.19873,-4.54E-17,-1.85E-11,-3.43E-13,-2.53E-15,0,3.43116e-13,0,0,0,0,288.632,6.34473,-0.0204223,0,6.34476,1,0
454,4.54,2.09679e-05,4.34362,0,1.79162e-05,0.0187988,0.00013412,-4.45E-07,0,0.000134121,4.54,0,0,4.54,1.73728,-0.198431,-4.61E-17,-1.87E-11,-3.44E-13,-2.11E-15,0,3.43953e-13,0,0,0,0,288.632,6.39642,-0.0212121,0,6.39646,1,0
455,4.55,2.09679e-05,4.34364,0,1.79162e-05,0.0189517,0.000135204,-4.61E-07,0,0.000135205,4.55,0,0,4.55,1.73728,-0.198133,-4.67E-17,-1.88E-11,-3.45E-13,-1.69E-15,0,3.4479e-13,0,0,0,0,288.632,6.44812,-0.0220018,0,6.44816,1,0
456,4.56,2.0968e-05,4.34366,0,1.79162e-05,0.0191045,0.000136288,-4.78E-07,0,0.000136289,4.56,0,0,4.56,1.73728,-0.197834,-4.74E-17,-1.89E-11,-3.46E-13,-1.27E-15,0,3.45627e-13,0,0,0,0,288.632,6.49982,-0.0227915,0,6.49986,1,0
457,4.57,2.09681e-05,4.34367,0,1.79162e-05,0.0192573,0.000137373,-4.94E-07,0,0.000137374,4.57,0,0,4.57,1.73729,-0.197536,-4.80E-17,-1.90E-11,-3.46E-13,-8.51E-16,0,3.46465e-13,0,0,0,0,288.632,6.55152,-0.0235813,0,6.55156,1,0
458,4.58,2.09681e-05,4.34369,0,1.79162e-05,0.0194102,0.000138457,-5.11E-07,0,0.000138458,4.58,0,0,4.58,1.73729,-0.197238,-4.87E-17,-1.91E-11,-3.47E-13,-4.33E-16,0,3.47304e-13,0,0,0,0,288.632,6.60321,-0.024371,0,6.60326,1,0
459,4.59,2.09682e-05,4.3437,0,1.79162e-05,0.0195599,0.00013952,-5.27E-07,0,0.000139521,4.59,0,0,4.59,1.7373,-0.196928,-4.93E-17,-1.92E-11,-3.48E-13,-4.90E-17,0,3.48156e-13,0,0,0,0,288.631,6.65388,-0.0251447,0,6.65393,1,0
460,4.6,2.09682e-05,4.34372,0,1.79162e-05,0.019649,0.000140165,-5.37E-07,0,0.000140166,4.6,0,0,4.6,1.7373,-0.196402,-4.90E-17,-1.92E-11,-3.49E-13,-3.44E-16,0,3.49256e-13,0,0,0,0,288.631,6.68464,-0.0256083,0,6.68469,1,0
461,4.61,2.09683e-05,4.34374,0,1.79162e-05,0.0197381,0.000140811,-5.47E-07,0,0.000140812,4.61,0,0,4.61,1.73731,-0.195875,-4.86E-17,-1.91E-11,-3.50E-13,-6.39E-16,0,3.50357e-13,0,0,0,0,288.631,6.7154,-0.0260719,0,6.71545,1,0
462,4.62,2.09684e-05,4.34377,0,1.79162e-05,0.0198271,0.000141456,-5.56E-07,0,0.000141457,4.62,0,0,4.62,1.73731,-0.195349,-4.83E-17,-1.90E-11,-3.51E-13,-9.34E-16,0,3.51458e-13,0,0,0,0,288.631,6.74616,-0.0265355,0,6.74621,1,0
463,4.63,2.09685e-05,4.34379,0,1.79162e-05,0.0199162,0.000142102,-5.66E-07,0,0.000142103,4.63,0,0,4.63,1.73732,-0.194822,-4.80E-17,-1.89E-11,-3.53E-13,-1.23E-15,0,3.52559e-13,0,0,0,0,288.631,6.77691,-0.0269991,0,6.77697,1,0
464,4.64,2.09686e-05,4.34381,0,1.79162e-05,0.0200053,0.000142747,-5.76E-07,0,0.000142749,4.64,0,0,4.64,1.73733,-0.194296,-4.76E-17,-1.88E-11,-3.54E-13,-1.52E-15,0,3.53661e-13,0,0,0,0,288.631,6.80767,-0.0274627,0,6.80773,1,0
465,4.65,2.09686e-05,4.34383,0,1.79162e-05,0.0200944,0.000143393,-5.85E-07,0,0.000143394,4.65,0,0,4.65,1.73733,-0.193769,-4.73E-17,-1.88E-11,-3.55E-13,-1.82E-15,0,3.54763e-13,0,0,0,0,288.631,6.83843,-0.0279263,0,6.83849,1,0
466,4.66,2.09687e-05,4.34385,0,1.79162e-05,0.0201834,0.000144039,-5.95E-07,0,0.00014404,4.66,0,0,4.66,1.73734,-0.193243,-4.70E-17,-1.87E-11,-3.56E-13,-2.11E-15,0,3.55864e-13,0,0,0,0,288.631,6.86919,-0.0283899,0,6.86925,1,0
467,4.67,2.09688e-05,4.34387,0,1.79162e-05,0.0202725,0.000144684,-6.05E-07,0,0.000144685,4.67,0,0,4.67,1.73735,-0.192717,-4.66E-17,-1.86E-11,-3.57E-13,-2.41E-15,0,3.56967e-13,0,0,0,0,288.631,6.89995,-0.0288535,0,6.90001,1,0
468,4.68,2.09689e-05,4.34389,0,1.79162e-05,0.0203616,0.00014533,-6.15E-07,0,0.000145331,4.68,0,0,4.68,1.73735,-0.19219,-4.63E-17,-1.85E-11,-3.58E-13,-2.70E-15,0,3.58069e-13,0,0,0,0,288.631,6.9307,-0.0293171,0,6.93077,1,0
469,4.69,2.0969e-05,4.34391,0,1.79162e-05,0.0204507,0.000145975,-6.24E-07,0,0.000145977,4.69,0,0,4.69,1.73736,-0.191664,-4.60E-17,-1.84E-11,-3.59E-13,-3.00E-15,0,3.59172e-13,0,0,0,0,288.631,6.96146,-0.0297807,0,6.96153,1,0
470,4.7,2.0969e-05,4.34393,0,1.79162e-05,0.0205397,0.000146621,-6.34E-07,0,0.000146622,4.7,0,0,4.7,1.73737,-0.191137,-4.56E-17,-1.84E-11,-3.60E-13,-3.29E-15,0,3.60275e-13,0,0,0,0,288.631,6.99222,-0.0302443,0,6.99229,1,0
471,4.71,2.09691e-05,4.34395,0,1.79162e-05,0.0206404,0.000147347,-6.41E-07,0,0.000147348,4.71,0,0,4.71,1.73737,-0.19056,-4.53E-17,-1.83E-11,-3.61E-13,-3.60E-15,0,3.61422e-13,0,0,0,0,288.631,7.0268,-0.0305848,0,7.02687,1,0
472,4.72,2.09693e-05,4.34399,0,1.79162e-05,0.0208009,0.000148485,-6.35E-07,0,0.000148486,4.72,0,0,4.72,1.73738,-0.189719,-4.49E-17,-1.82E-11,-3.63E-13,-3.97E-15,0,3.62796e-13,0,0,0,0,288.631,7.08103,-0.0302927,0,7.08109,1,0
473,4.73,2.09694e-05,4.34402,0,1.79162e-05,0.0209614,0.000149623,-6.29E-07,0,0.000149624,4.73,0,0,4.73,1.73739,-0.188878,-4.45E-17,-1.81E-11,-3.64E-13,-4.34E-15,0,3.64171e-13,0,0,0,0,288.631,7.13526,-0.0300007,0,7.13532,1,0
474,4.74,2.09695e-05,4.34406,0,1.79162e-05,0.0211218,0.000150761,-6.23E-07,0,0.000150762,4.74,0,0,4.74,1.7374,-0.188037,-4.40E-17,-1.80E-11,-3.66E-13,-4.70E-15,0,3.65546e-13,0,0,0,0,288.631,7.18948,-0.0297086,0,7.18954,1,0
475,4.75,2.09697e-05,4.34409,0,1.79162e-05,0.0212823,0.000151899,-6.17E-07,0,0.0001519,4.75,0,0,4.75,1.73741,-0.187196,-4.36E-17,-1.79E-11,-3.67E-13,-5.07E-15,0,3.66921e-13,0,0,0,0,288.631,7.24371,-0.0294166,0,7.24377,1,0
476,4.76,2.09698e-05,4.34412,0,1.79162e-05,0.0214427,0.000153037,-6.11E-07,0,0.000153038,4.76,0,0,4.76,1.73742,-0.186354,-4.32E-17,-1.78E-11,-3.68E-13,-5.44E-15,0,3.68297e-13,0,0,0,0,288.63,7.29794,-0.0291245,0,7.298,1,0
477,4.77,2.09699e-05,4.34416,0,1.79161e-05,0.0216032,0.000154175,-6.05E-07,0,0.000154176,4.77,0,0,4.77,1.73743,-0.185513,-4.28E-17,-1.77E-11,-3.70E-13,-5.81E-15,0,3.69673e-13,0,0,0,0,288.63,7.35216,-0.0288325,0,7.35222,1,0
478,4.78,2.09701e-05,4.34419,0,1.79161e-05,0.0217637,0.000155313,-5.99E-07,0,0.000155314,4.78,0,0,4.78,1.73744,-0.184672,-4.24E-17,-1.76E-11,-3.71E-13,-6.17E-15,0,3.71049e-13,0,0,0,0,288.63,7.40639,-0.0285404,0,7.40645,1,0
479,4.79,2.09702e-05,4.34422,0,1.79161e-05,0.0219241,0.000156451,-5.92E-07,0,0.000156452,4.79,0,0,4.79,1.73745,-0.183831,-4.20E-17,-1.75E-11,-3.72E-13,-6.54E-15,0,3.72426e-13,0,0,0,0,288.63,7.46062,-0.0282484,0,7.46067,1,0
480,4.8,2.09703e-05,4.34426,0,1.79161e-05,0.0220846,0.000157589,-5.86E-07,0,0.000157591,4.8,0,0,4.8,1.73746,-0.18299,-4.16E-17,-1.74E-11,-3.74E-13,-6.91E-15,0,3.73802e-13,0,0,0,0,288.63,7.51485,-0.0279563,0,7.5149,1,0
481,4.81,2.09704e-05,4.34429,0,1.79161e-05,0.022245,0.000158728,-5.80E-07,0,0.000158729,4.81,0,0,4.81,1.73748,-0.182149,-4.11E-17,-1.73E-11,-3.75E-13,-7.28E-15,0,3.7518e-13,0,0,0,0,288.63,7.56907,-0.0276643,0,7.56912,1,0
482,4.82,2.09706e-05,4.34433,0,1.79161e-05,0.0224055,0.000159866,-5.74E-07,0,0.000159867,4.82,0,0,4.82,1.73749,-0.181308,-4.07E-17,-1.72E-11,-3.76E-13,-7.64E-15,0,3.76557e-13,0,0,0,0,288.63,7.6233,-0.0273722,0,7.62335,1,0
483,4.83,2.09707e-05,4.34436,0,1.79161e-05,0.022566,0.000161004,-5.68E-07,0,0.000161005,4.83,0,0,4.83,1.7375,-0.180467,-4.03E-17,-1.71E-11,-3.78E-13,-8.01E-15,0,3.77935e-13,0,0,0,0,288.63,7.67753,-0.0270802,0,7.67757,1,0
484,4.84,2.09708e-05,4.3444,0,1.79161e-05,0.0227264,0.000162142,-5.62E-07,0,0.000162143,4.84,0,0,4.84,1.73751,-0.179626,-3.99E-17,-1.70E-11,-3.79E-13,-8.38E-15,0,3.79313e-13,0,0,0,0,288.629,7.73175,-0.0267881,0,7.7318,1,0
485,4.85,2.0971e-05,4.34443,0,1.79161e-05,0.0228869,0.00016328,-5.56E-07,0,0.000163281,4.85,0,0,4.85,1.73752,-0.178785,-3.95E-17,-1.69E-11,-3.81E-13,-8.75E-15,0,3.80692e-13,0,0,0,0,288.629,7.78598,-0.026496,0,7.78602,1,0
486,4.86,2.09711e-05,4.34445,0,1.79161e-05,0.0229869,0.000163999,-5.54E-07,0,0.000164,4.86,0,0,4.86,1.73752,-0.178249,-3.99E-17,-1.69E-11,-3.80E-13,-9.32E-15,0,3.80049e-13,0,0,0,0,288.629,7.82022,-0.0263965,0,7.82026,1,0
487,4.87,2.09711e-05,4.34447,0,1.79161e-05,0.0230655,0.000164569,-5.53E-07,0,0.00016457,4.87,0,0,4.87,1.73753,-0.17782,-4.06E-17,-1.69E-11,-3.79E-13,-9.97E-15,0,3.78693e-13,0,0,0,0,288.629,7.84738,-0.026365,0,7.84743,1,0
488,4.88,2.09712e-05,4.34449,0,1.79161e-05,0.0231441,0.000165139,-5.53E-07,0,0.00016514,4.88,0,0,4.88,1.73753,-0.177392,-4.13E-17,-1.69E-11,-3.77E-13,-1.06E-14,0,3.77339e-13,0,0,0,0,288.629,7.87455,-0.0263335,0,7.87459,1,0
489,4.89,2.09713e-05,4.3445,0,1.79161e-05,0.0232227,0.00016571,-5.52E-07,0,0.00016571,4.89,0,0,4.89,1.73754,-0.176964,-4.21E-17,-1.69E-11,-3.76E-13,-1.13E-14,0,3.75985e-13,0,0,0,0,288.629,7.90171,-0.0263021,0,7.90176,1,0
490,4.9,2.09713e-05,4.34452,0,1.79161e-05,0.0233013,0.00016628,-5.51E-07,0,0.000166281,4.9,0,0,4.9,1.73754,-0.176535,-4.28E-17,-1.70E-11,-3.74E-13,-1.19E-14,0,3.74633e-13,0,0,0,0,288.629,7.92888,-0.0262706,0,7.92892,1,0
491,4.91,2.09714e-05,4.34454,0,1.79161e-05,0.0233799,0.00016685,-5.51E-07,0,0.000166851,4.91,0,0,4.91,1.73755,-0.176107,-4.35E-17,-1.70E-11,-3.73E-13,-1.26E-14,0,3.73282e-13,0,0,0,0,288.629,7.95604,-0.0262392,0,7.95609,1,0
492,4.92,2.09715e-05,4.34456,0,1.79161e-05,0.0234585,0.00016742,-5.50E-07,0,0.000167421,4.92,0,0,4.92,1.73755,-0.175679,-4.42E-17,-1.70E-11,-3.72E-13,-1.32E-14,0,3.71932e-13,0,0,0,0,288.629,7.98321,-0.0262077,0,7.98325,1,0
493,4.93,2.09715e-05,4.34458,0,1.79161e-05,0.0235371,0.000167991,-5.49E-07,0,0.000167992,4.93,0,0,4.93,1.73756,-0.17525,-4.49E-17,-1.70E-11,-3.70E-13,-1.39E-14,0,3.70583e-13,0,0,0,0,288.629,8.01037,-0.0261762,0,8.01042,1,0
494,4.94,2.09716e-05,4.34459,0,1.79161e-05,0.0236157,0.000168561,-5.49E-07,0,0.000168562,4.94,0,0,4.94,1.73756,-0.174822,-4.56E-17,-1.71E-11,-3.69E-13,-1.45E-14,0,3.69236e-13,0,0,0,0,288.629,8.03754,-0.0261448,0,8.03758,1,0
495,4.95,2.09717e-05,4.34461,0,1.79161e-05,0.0236943,0.000169131,-5.48E-07,0,0.000169132,4.95,0,0,4.95,1.73757,-0.174394,-4.64E-17,-1.71E-11,-3.68E-13,-1.52E-14,0,3.67891e-13,0,0,0,0,288.629,8.0647,-0.0261133,0,8.06475,1,0
496,4.96,2.09717e-05,4.34463,0,1.79161e-05,0.0237729,0.000169702,-5.47E-07,0,0.000169703,4.96,0,0,4.96,1.73757,-0.173965,-4.71E-17,-1.71E-11,-3.66E-13,-1.58E-14,0,3.66546e-13,0,0,0,0,288.629,8.09187,-0.0260819,0,8.09191,1,0
497,4.97,2.09718e-05,4.34465,0,1.79161e-05,0.0238515,0.000170272,-5.47E-07,0,0.000170273,4.97,0,0,4.97,1.73758,-0.173537,-4.78E-17,-1.71E-11,-3.65E-13,-1.65E-14,0,3.65203e-13,0,0,0,0,288.628,8.11903,-0.0260504,0,8.11908,1,0
498,4.98,2.09719e-05,4.34466,0,1.7916e-05,0.0239301,0.000170842,-5.46E-07,0,0.000170843,4.98,0,0,4.98,1.73759,-0.173109,-4.85E-17,-1.72E-11,-3.63E-13,-1.71E-14,0,3.63862e-13,0,0,0,0,288.628,8.1462,-0.0260189,0,8.14624,1,0
499,4.99,2.0972e-05,4.34469,0,1.7916e-05,0.0240439,0.000171657,-5.52E-07,0,0.000171658,4.99,0,0,4.99,1.73759,-0.172587,-4.91E-17,-1.72E-11,-3.62E-13,-1.75E-14,0,3.626e-13,0,0,0,0,288.628,8.18503,-0.026312,0,8.18507,1,0
500,5,2.09721e-05,4.34472,0,1.7916e-05,0.0242001,0.000172765,-5.66E-07,0,0.000172766,5,0,0,5,1.7376,-0.171954,-4.97E-17,-1.72E-11,-3.61E-13,-1.75E-14,0,3.61434e-13,0,0,0,0,288.628,8.2378,-0.0269933,0,8.23785,1,0
501,5.01,2.09722e-05,4.34474,0,1.7916e-05,0.0243562,0.000173873,-5.81E-07,0,0.000173874,5.01,0,0,5.01,1.73761,-0.171321,-5.02E-17,-1.73E-11,-3.60E-13,-1.75E-14,0,3.60268e-13,0,0,0,0,288.628,8.29058,-0.0276746,0,8.29062,1,0
502,5.02,2.09723e-05,4.34477,0,1.7916e-05,0.0245123,0.00017498,-5.95E-07,0,0.000174981,5.02,0,0,5.02,1.73761,-0.170688,-5.07E-17,-1.73E-11,-3.59E-13,-1.76E-14,0,3.59102e-13,0,0,0,0,288.628,8.34335,-0.0283559,0,8.3434,1,0
503,5.03,2.09724e-05,4.3448,0,1.7916e-05,0.0246684,0.000176088,-6.09E-07,0,0.000176089,5.03,0,0,5.03,1.73762,-0.170055,-5.12E-17,-1.74E-11,-3.58E-13,-1.76E-14,0,3.57936e-13,0,0,0,0,288.627,8.39613,-0.0290373,0,8.39618,1,0
504,5.04,2.09725e-05,4.34483,0,1.7916e-05,0.0248245,0.000177196,-6.24E-07,0,0.000177197,5.04,0,0,5.04,1.73763,-0.169422,-5.18E-17,-1.74E-11,-3.56E-13,-1.76E-14,0,3.5677e-13,0,0,0,0,288.627,8.4489,-0.0297185,0,8.44896,1,0
505,5.05,2.09726e-05,4.34486,0,1.7916e-05,0.0249806,0.000178304,-6.38E-07,0,0.000178305,5.05,0,0,5.05,1.73764,-0.168788,-5.23E-17,-1.75E-11,-3.55E-13,-1.76E-14,0,3.55605e-13,0,0,0,0,288.627,8.50168,-0.0303999,0,8.50173,1,0
506,5.06,2.09727e-05,4.34489,0,1.7916e-05,0.0251367,0.000179411,-6.52E-07,0,0.000179412,5.06,0,0,5.06,1.73765,-0.168155,-5.28E-17,-1.75E-11,-3.54E-13,-1.76E-14,0,3.54439e-13,0,0,0,0,288.627,8.55445,-0.0310812,0,8.55451,1,0
507,5.07,2.09728e-05,4.34492,0,1.7916e-05,0.0252928,0.000180519,-6.66E-07,0,0.00018052,5.07,0,0,5.07,1.73765,-0.167522,-5.34E-17,-1.76E-11,-3.53E-13,-1.77E-14,0,3.53273e-13,0,0,0,0,288.626,8.60723,-0.0317625,0,8.60729,1,0
508,5.08,2.0973e-05,4.34494,0,1.79159e-05,0.0254489,0.000181627,-6.81E-07,0,0.000181628,5.08,0,0,5.08,1.73766,-0.166889,-5.39E-17,-1.76E-11,-3.52E-13,-1.77E-14,0,3.52107e-13,0,0,0,0,288.626,8.66,-0.0324438,0,8.66006,1,0
509,5.09,2.09731e-05,4.34497,0,1.79159e-05,0.025605,0.000182735,-6.95E-07,0,0.000182736,5.09,0,0,5.09,1.73767,-0.166256,-5.44E-17,-1.77E-11,-3.50E-13,-1.77E-14,0,3.50941e-13,0,0,0,0,288.626,8.71278,-0.0331251,0,8.71284,1,0
510,5.1,2.09732e-05,4.345,0,1.79159e-05,0.0257611,0.000183842,-7.09E-07,0,0.000183844,5.1,0,0,5.1,1.73768,-0.165623,-5.49E-17,-1.77E-11,-3.49E-13,-1.77E-14,0,3.49775e-13,0,0,0,0,288.626,8.76555,-0.0338064,0,8.76562,1,0
511,5.11,2.09733e-05,4.34503,0,1.79159e-05,0.0259172,0.00018495,-7.23E-07,0,0.000184951,5.11,0,0,5.11,1.73768,-0.16499,-5.55E-17,-1.78E-11,-3.48E-13,-1.78E-14,0,3.48609e-13,0,0,0,0,288.626,8.81833,-0.0344877,0,8.8184,1,0
512,5.12,2.09734e-05,4.34506,0,1.79159e-05,0.0260733,0.000186058,-7.38E-07,0,0.000186059,5.12,0,0,5.12,1.73769,-0.164357,-5.60E-17,-1.78E-11,-3.47E-13,-1.78E-14,0,3.47444e-13,0,0,0,0,288.625,8.87111,-0.035169,0,8.87117,1,0
513,5.13,2.09735e-05,4.34509,0,1.79159e-05,0.0262294,0.000187165,-7.52E-07,0,0.000187167,5.13,0,0,5.13,1.7377,-0.163724,-5.65E-17,-1.79E-11,-3.46E-13,-1.78E-14,0,3.46278e-13,0,0,0,0,288.625,8.92388,-0.0358503,0,8.92395,1,0
514,5.14,2.09736e-05,4.34512,0,1.79159e-05,0.0263855,0.000188273,-7.66E-07,0,0.000188275,5.14,0,0,5.14,1.73771,-0.163091,-5.70E-17,-1.79E-11,-3.45E-13,-1.78E-14,0,3.45112e-13,0,0,0,0,288.625,8.97666,-0.0365316,0,8.97673,1,0
515,5.15,2.09737e-05,4.34515,0,1.79159e-05,0.0265416,0.000189381,-7.81E-07,0,0.000189382,5.15,0,0,5.15,1.73772,-0.162457,-5.76E-17,-1.80E-11,-3.43E-13,-1.79E-14,0,3.43946e-13,0,0,0,0,288.625,9.02943,-0.0372129,0,9.02951,1,0
516,5.16,2.09738e-05,4.34517,0,1.79159e-05,0.0266713,0.000190305,-7.92E-07,0,0.000190307,5.16,0,0,5.16,1.73772,-0.161769,-5.78E-17,-1.80E-11,-3.43E-13,-1.78E-14,0,3.43539e-13,0,0,0,0,288.625,9.07345,-0.0377774,0,9.07352,1,0
517,5.17,2.0974e-05,4.3452,0,1.79159e-05,0.026739,0.000190798,-7.98E-07,0,0.0001908,5.17,0,0,5.17,1.73773,-0.160949,-5.72E-17,-1.79E-11,-3.44E-13,-1.74E-14,0,3.44911e-13,0,0,0,0,288.625,9.09692,-0.0380679,0,9.097,1,0
518,5.18,2.09741e-05,4.34523,0,1.79159e-05,0.0268066,0.000191292,-8.04E-07,0,0.000191293,5.18,0,0,5.18,1.73774,-0.16013,-5.67E-17,-1.79E-11,-3.46E-13,-1.71E-14,0,3.46283e-13,0,0,0,0,288.625,9.12039,-0.0383584,0,9.12047,1,0
519,5.19,2.09742e-05,4.34526,0,1.79159e-05,0.0268743,0.000191785,-8.11E-07,0,0.000191787,5.19,0,0,5.19,1.73775,-0.159311,-5.61E-17,-1.78E-11,-3.47E-13,-1.68E-14,0,3.47656e-13,0,0,0,0,288.625,9.14386,-0.0386489,0,9.14394,1,0
520,5.2,2.09743e-05,4.34529,0,1.79159e-05,0.026942,0.000192279,-8.17E-07,0,0.00019228,5.2,0,0,5.2,1.73776,-0.158491,-5.56E-17,-1.78E-11,-3.49E-13,-1.64E-14,0,3.49029e-13,0,0,0,0,288.625,9.16732,-0.0389394,0,9.16741,1,0
521,5.21,2.09744e-05,4.34532,0,1.79159e-05,0.0270096,0.000192772,-8.23E-07,0,0.000192774,5.21,0,0,5.21,1.73777,-0.157672,-5.50E-17,-1.77E-11,-3.50E-13,-1.61E-14,0,3.50402e-13,0,0,0,0,288.625,9.19079,-0.0392299,0,9.19088,1,0
522,5.22,2.09745e-05,4.34535,0,1.79159e-05,0.0270773,0.000193265,-8.29E-07,0,0.000193267,5.22,0,0,5.22,1.73778,-0.156852,-5.44E-17,-1.76E-11,-3.51E-13,-1.58E-14,0,3.51776e-13,0,0,0,0,288.625,9.21426,-0.0395203,0,9.21435,1,0
523,5.23,2.09747e-05,4.34538,0,1.79159e-05,0.027145,0.000193759,-8.35E-07,0,0.000193761,5.23,0,0,5.23,1.73779,-0.156033,-5.39E-17,-1.76E-11,-3.53E-13,-1.54E-14,0,3.53151e-13,0,0,0,0,288.625,9.23773,-0.0398108,0,9.23782,1,0
524,5.24,2.09748e-05,4.34541,0,1.79159e-05,0.0272126,0.000194252,-8.41E-07,0,0.000194254,5.24,0,0,5.24,1.7378,-0.155214,-5.33E-17,-1.75E-11,-3.54E-13,-1.51E-14,0,3.54526e-13,0,0,0,0,288.625,9.2612,-0.0401013,0,9.26129,1,0
525,5.25,2.09749e-05,4.34544,0,1.79159e-05,0.0272803,0.000194746,-8.47E-07,0,0.000194748,5.25,0,0,5.25,1.73781,-0.154394,-5.28E-17,-1.75E-11,-3.56E-13,-1.48E-14,0,3.55901e-13,0,0,0,0,288.625,9.28467,-0.0403918,0,9.28476,1,0
526,5.26,2.0975e-05,4.34547,0,1.79159e-05,0.027348,0.000195239,-8.53E-07,0,0.000195241,5.26,0,0,5.26,1.73782,-0.153575,-5.22E-17,-1.74E-11,-3.57E-13,-1.44E-14,0,3.57277e-13,0,0,0,0,288.625,9.30814,-0.0406823,0,9.30823,1,0
527,5.27,2.09751e-05,4.3455,0,1.79159e-05,0.0274157,0.000195733,-8.59E-07,0,0.000195734,5.27,0,0,5.27,1.73783,-0.152756,-5.17E-17,-1.74E-11,-3.58E-13,-1.41E-14,0,3.58653e-13,0,0,0,0,288.625,9.33161,-0.0409728,0,9.3317,1,0
528,5.28,2.09753e-05,4.34553,0,1.79159e-05,0.0274833,0.000196226,-8.65E-07,0,0.000196228,5.28,0,0,5.28,1.73784,-0.151936,-5.11E-17,-1.73E-11,-3.60E-13,-1.38E-14,0,3.6003e-13,0,0,0,0,288.625,9.35508,-0.0412633,0,9.35517,1,0
529,5.29,2.09754e-05,4.34556,0,1.79159e-05,0.027551,0.000196719,-8.71E-07,0,0.000196721,5.29,0,0,5.29,1.73785,-0.151117,-5.05E-17,-1.72E-11,-3.61E-13,-1.34E-14,0,3.61407e-13,0,0,0,0,288.625,9.37855,-0.0415538,0,9.37864,1,0
530,5.3,2.09755e-05,4.34559,0,1.79159e-05,0.0276187,0.000197213,-8.77E-07,0,0.000197215,5.3,0,0,5.3,1.73786,-0.150297,-5.00E-17,-1.72E-11,-3.63E-13,-1.31E-14,0,3.62784e-13,0,0,0,0,288.625,9.40202,-0.0418443,0,9.40212,1,0
531,5.31,2.09756e-05,4.34562,0,1.79159e-05,0.0276863,0.000197706,-8.83E-07,0,0.000197708,5.31,0,0,5.31,1.73787,-0.149478,-4.94E-17,-1.71E-11,-3.64E-13,-1.28E-14,0,3.64162e-13,0,0,0,0,288.625,9.42549,-0.0421348,0,9.42559,1,0
532,5.32,2.09757e-05,4.34565,0,1.79159e-05,0.027754,0.0001982,-8.89E-07,0,0.000198202,5.32,0,0,5.32,1.73788,-0.148659,-4.89E-17,-1.71E-11,-3.65E-13,-1.24E-14,0,3.6554e-13,0,0,0,0,288.625,9.44896,-0.0424253,0,9.44906,1,0
533,5.33,2.09758e-05,4.34567,0,1.79159e-05,0.0278592,0.000198954,-8.88E-07,0,0.000198956,5.33,0,0,5.33,1.73789,-0.147982,-4.83E-17,-1.70E-11,-3.67E-13,-1.21E-14,0,3.66919e-13,0,0,0,0,288.625,9.48488,-0.0423654,0,9.48498,1,0
534,5.34,2.09759e-05,4.3457,0,1.79159e-05,0.0280063,0.0002,-8.79E-07,0,0.000200002,5.34,0,0,5.34,1.7379,-0.147464,-4.78E-17,-1.69E-11,-3.68E-13,-1.18E-14,0,3.68298e-13,0,0,0,0,288.625,9.5347,-0.0419149,0,9.53479,1,0
535,5.35,2.0976e-05,4.34573,0,1.79159e-05,0.0281534,0.000201046,-8.69E-07,0,0.000201047,5.35,0,0,5.35,1.7379,-0.146947,-4.72E-17,-1.69E-11,-3.70E-13,-1.14E-14,0,3.69678e-13,0,0,0,0,288.624,9.58451,-0.0414644,0,9.58459,1,0
536,5.36,2.09761e-05,4.34575,0,1.79158e-05,0.0283005,0.000202091,-8.60E-07,0,0.000202093,5.36,0,0,5.36,1.73791,-0.146429,-4.67E-17,-1.68E-11,-3.71E-13,-1.11E-14,0,3.71057e-13,0,0,0,0,288.624,9.63432,-0.0410139,0,9.6344,1,0
537,5.37,2.09762e-05,4.34578,0,1.79158e-05,0.0284475,0.000203137,-8.51E-07,0,0.000203139,5.37,0,0,5.37,1.73792,-0.145911,-4.61E-17,-1.68E-11,-3.72E-13,-1.08E-14,0,3.72438e-13,0,0,0,0,288.624,9.68412,-0.0405634,0,9.68421,1,0
538,5.38,2.09763e-05,4.34581,0,1.79158e-05,0.0285946,0.000204183,-8.41E-07,0,0.000204184,5.38,0,0,5.38,1.73792,-0.145394,-4.55E-17,-1.67E-11,-3.74E-13,-1.04E-14,0,3.73818e-13,0,0,0,0,288.624,9.73394,-0.0401129,0,9.73402,1,0
539,5.39,2.09764e-05,4.34583,0,1.79158e-05,0.0287417,0.000205228,-8.32E-07,0,0.00020523,5.39,0,0,5.39,1.73793,-0.144876,-4.50E-17,-1.66E-11,-3.75E-13,-1.01E-14,0,3.75199e-13,0,0,0,0,288.623,9.78374,-0.0396624,0,9.78382,1,0
540,5.4,2.09765e-05,4.34586,0,1.79158e-05,0.0288888,0.000206274,-8.22E-07,0,0.000206276,5.4,0,0,5.4,1.73794,-0.144358,-4.44E-17,-1.66E-11,-3.76E-13,-9.78E-15,0,3.7658e-13,0,0,0,0,288.623,9.83356,-0.0392119,0,9.83363,1,0
541,5.41,2.09766e-05,4.34588,0,1.79158e-05,0.0290359,0.00020732,-8.13E-07,0,0.000207321,5.41,0,0,5.41,1.73794,-0.143841,-4.39E-17,-1.65E-11,-3.78E-13,-9.45E-15,0,3.77962e-13,0,0,0,0,288.623,9.88336,-0.0387614,0,9.88344,1,0
542,5.42,2.09767e-05,4.34591,0,1.79158e-05,0.029183,0.000208365,-8.03E-07,0,0.000208367,5.42,0,0,5.42,1.73795,-0.143323,-4.33E-17,-1.65E-11,-3.79E-13,-9.12E-15,0,3.79344e-13,0,0,0,0,288.623,9.93318,-0.0383109,0,9.93325,1,0
543,5.43,2.09768e-05,4.34594,0,1.79158e-05,0.02933,0.000209411,-7.94E-07,0,0.000209412,5.43,0,0,5.43,1.73795,-0.142806,-4.28E-17,-1.64E-11,-3.81E-13,-8.78E-15,0,3.80726e-13,0,0,0,0,288.622,9.98299,-0.0378604,0,9.98306,1,0
544,5.44,2.09769e-05,4.34596,0,1.79158e-05,0.0294771,0.000210457,-7.84E-07,0,0.000210458,5.44,0,0,5.44,1.73796,-0.142288,-4.22E-17,-1.63E-11,-3.82E-13,-8.45E-15,0,3.82109e-13,0,0,0,0,288.622,10.0328,-0.0374099,0,10.0329,1,0
545,5.45,2.0977e-05,4.34599,0,1.79157e-05,0.0296242,0.000211502,-7.75E-07,0,0.000211504,5.45,0,0,5.45,1.73797,-0.14177,-4.16E-17,-1.63E-11,-3.83E-13,-8.12E-15,0,3.83492e-13,0,0,0,0,288.622,10.0826,-0.0369594,0,10.0827,1,0
546,5.46,2.0977e-05,4.34601,0,1.79157e-05,0.0297592,0.000212463,-7.67E-07,0,0.000212465,5.46,0,0,5.46,1.73797,-0.141323,-4.12E-17,-1.62E-11,-3.84E-13,-7.98E-15,0,3.84195e-13,0,0,0,0,288.622,10.1284,-0.0365956,0,10.1284,1,0
547,5.47,2.09771e-05,4.34602,0,1.79157e-05,0.0298311,0.000212983,-7.69E-07,0,0.000212984,5.47,0,0,5.47,1.73797,-0.141243,-4.17E-17,-1.62E-11,-3.81E-13,-8.83E-15,0,3.8135e-13,0,0,0,0,288.622,10.1531,-0.036684,0,10.1532,1,0
548,5.48,2.09771e-05,4.34603,0,1.79157e-05,0.0299029,0.000213502,-7.71E-07,0,0.000213504,5.48,0,0,5.48,1.73797,-0.141163,-4.21E-17,-1.63E-11,-3.78E-13,-9.69E-15,0,3.78507e-13,0,0,0,0,288.621,10.1779,-0.0367724,0,10.178,1,0
549,5.49,2.09771e-05,4.34603,0,1.79157e-05,0.0299748,0.000214022,-7.73E-07,0,0.000214023,5.49,0,0,5.49,1.73798,-0.141083,-4.25E-17,-1.63E-11,-3.76E-13,-1.05E-14,0,3.75667e-13,0,0,0,0,288.621,10.2026,-0.0368608,0,10.2027,1,0
550,5.5,2.09771e-05,4.34604,0,1.79157e-05,0.0300467,0.000214541,-7.75E-07,0,0.000214542,5.5,0,0,5.5,1.73798,-0.141003,-4.29E-17,-1.63E-11,-3.73E-13,-1.14E-14,0,3.72828e-13,0,0,0,0,288.621,10.2274,-0.0369492,0,10.2275,1,0
551,5.51,2.09772e-05,4.34605,0,1.79157e-05,0.0301186,0.000215061,-7.77E-07,0,0.000215062,5.51,0,0,5.51,1.73798,-0.140924,-4.33E-17,-1.63E-11,-3.70E-13,-1.23E-14,0,3.69993e-13,0,0,0,0,288.621,10.2521,-0.0370376,0,10.2522,1,0
552,5.52,2.09772e-05,4.34606,0,1.79157e-05,0.0301904,0.00021558,-7.79E-07,0,0.000215581,5.52,0,0,5.52,1.73798,-0.140844,-4.37E-17,-1.63E-11,-3.67E-13,-1.31E-14,0,3.6716e-13,0,0,0,0,288.621,10.2769,-0.037126,0,10.277,1,0
553,5.53,2.09772e-05,4.34607,0,1.79157e-05,0.0302623,0.0002161,-7.81E-07,0,0.000216101,5.53,0,0,5.53,1.73798,-0.140764,-4.41E-17,-1.63E-11,-3.64E-13,-1.40E-14,0,3.64329e-13,0,0,0,0,288.621,10.3016,-0.0372144,0,10.3017,1,0
554,5.54,2.09772e-05,4.34607,0,1.79157e-05,0.0303342,0.000216619,-7.82E-07,0,0.00021662,5.54,0,0,5.54,1.73798,-0.140684,-4.45E-17,-1.63E-11,-3.61E-13,-1.48E-14,0,3.61501e-13,0,0,0,0,288.621,10.3264,-0.0373028,0,10.3265,1,0
555,5.55,2.09772e-05,4.34608,0,1.79157e-05,0.0304061,0.000217138,-7.84E-07,0,0.00021714,5.55,0,0,5.55,1.73798,-0.140604,-4.49E-17,-1.63E-11,-3.58E-13,-1.57E-14,0,3.58675e-13,0,0,0,0,288.62,10.3511,-0.0373912,0,10.3512,1,0
556,5.56,2.09773e-05,4.34609,0,1.79157e-05,0.0304779,0.000217658,-7.86E-07,0,0.000217659,5.56,0,0,5.56,1.73798,-0.140524,-4.53E-17,-1.63E-11,-3.55E-13,-1.65E-14,0,3.55852e-13,0,0,0,0,288.62,10.3759,-0.0374796,0,10.376,1,0
557,5.57,2.09773e-05,4.3461,0,1.79156e-05,0.0305498,0.000218177,-7.88E-07,0,0.000218179,5.57,0,0,5.57,1.73798,-0.140444,-4.57E-17,-1.63E-11,-3.53E-13,-1.74E-14,0,3.53032e-13,0,0,0,0,288.62,10.4007,-0.037568,0,10.4007,1,0
558,5.58,2.09773e-05,4.34611,0,1.79156e-05,0.0306217,0.000218697,-7.90E-07,0,0.000218698,5.58,0,0,5.58,1.73798,-0.140364,-4.61E-17,-1.63E-11,-3.50E-13,-1.83E-14,0,3.50215e-13,0,0,0,0,288.62,10.4254,-0.0376564,0,10.4255,1,0
559,5.59,2.09773e-05,4.34611,0,1.79156e-05,0.0306936,0.000219216,-7.92E-07,0,0.000219218,5.59,0,0,5.59,1.73799,-0.140284,-4.65E-17,-1.63E-11,-3.47E-13,-1.91E-14,0,3.474e-13,0,0,0,0,288.62,10.4502,-0.0377448,0,10.4502,1,0
560,5.6,2.09774e-05,4.34612,0,1.79156e-05,0.0307654,0.000219736,-7.94E-07,0,0.000219737,5.6,0,0,5.6,1.73799,-0.140205,-4.69E-17,-1.63E-11,-3.44E-13,-2.00E-14,0,3.44589e-13,0,0,0,0,288.62,10.4749,-0.0378332,0,10.475,1,0
561,5.61,2.09774e-05,4.34613,0,1.79156e-05,0.0308373,0.000220255,-7.95E-07,0,0.000220257,5.61,0,0,5.61,1.73799,-0.140125,-4.73E-17,-1.63E-11,-3.41E-13,-2.08E-14,0,3.4178e-13,0,0,0,0,288.619,10.4997,-0.0379216,0,10.4997,1,0
562,5.62,2.09774e-05,4.34614,0,1.79156e-05,0.0309092,0.000220775,-7.97E-07,0,0.000220776,5.62,0,0,5.62,1.73799,-0.140045,-4.77E-17,-1.63E-11,-3.38E-13,-2.17E-14,0,3.38975e-13,0,0,0,0,288.619,10.5244,-0.03801,0,10.5245,1,0
563,5.63,2.09774e-05,4.34615,0,1.79156e-05,0.0310218,0.000221578,-8.06E-07,0,0.00022158,5.63,0,0,5.63,1.73799,-0.140045,-4.82E-17,-1.63E-11,-3.36E-13,-2.23E-14,0,3.3625e-13,0,0,0,0,288.619,10.5627,-0.0384085,0,10.5628,1,0
564,5.64,2.09774e-05,4.34615,0,1.79156e-05,0.0311564,0.000222535,-8.18E-07,0,0.000222537,5.64,0,0,5.64,1.73799,-0.140089,-4.87E-17,-1.63E-11,-3.33E-13,-2.28E-14,0,3.33568e-13,0,0,0,0,288.619,10.6083,-0.0389743,0,10.6084,1,0
565,5.65,2.09775e-05,4.34616,0,1.79156e-05,0.0312909,0.000223492,-8.29E-07,0,0.000223494,5.65,0,0,5.65,1.73799,-0.140133,-4.92E-17,-1.63E-11,-3.30E-13,-2.33E-14,0,3.30887e-13,0,0,0,0,288.618,10.6539,-0.0395402,0,10.654,1,0
566,5.66,2.09775e-05,4.34617,0,1.79155e-05,0.0314255,0.000224449,-8.41E-07,0,0.00022445,5.66,0,0,5.66,1.73799,-0.140177,-4.97E-17,-1.63E-11,-3.27E-13,-2.38E-14,0,3.28208e-13,0,0,0,0,288.618,10.6995,-0.040106,0,10.6996,1,0
567,5.67,2.09775e-05,4.34618,0,1.79155e-05,0.0315601,0.000225406,-8.53E-07,0,0.000225407,5.67,0,0,5.67,1.73799,-0.140221,-5.02E-17,-1.63E-11,-3.25E-13,-2.43E-14,0,3.2553e-13,0,0,0,0,288.618,10.7451,-0.0406719,0,10.7452,1,0
568,5.68,2.09775e-05,4.34619,0,1.79155e-05,0.0316947,0.000226363,-8.65E-07,0,0.000226364,5.68,0,0,5.68,1.73799,-0.140265,-5.07E-17,-1.63E-11,-3.22E-13,-2.48E-14,0,3.22854e-13,0,0,0,0,288.617,10.7907,-0.0412377,0,10.7908,1,0
569,5.69,2.09775e-05,4.3462,0,1.79155e-05,0.0318292,0.000227319,-8.77E-07,0,0.000227321,5.69,0,0,5.69,1.73798,-0.140309,-5.12E-17,-1.63E-11,-3.19E-13,-2.53E-14,0,3.20179e-13,0,0,0,0,288.617,10.8363,-0.0418036,0,10.8364,1,0
570,5.7,2.09776e-05,4.34621,0,1.79155e-05,0.0319638,0.000228276,-8.89E-07,0,0.000228278,5.7,0,0,5.7,1.73798,-0.140353,-5.16E-17,-1.63E-11,-3.16E-13,-2.58E-14,0,3.17506e-13,0,0,0,0,288.616,10.8819,-0.0423694,0,10.882,1,0
571,5.71,2.09776e-05,4.34622,0,1.79155e-05,0.0320984,0.000229233,-9.01E-07,0,0.000229235,5.71,0,0,5.71,1.73798,-0.140397,-5.21E-17,-1.63E-11,-3.14E-13,-2.63E-14,0,3.14834e-13,0,0,0,0,288.616,10.9275,-0.0429353,0,10.9276,1,0
572,5.72,2.09776e-05,4.34623,0,1.79154e-05,0.032233,0.00023019,-9.12E-07,0,0.000230192,5.72,0,0,5.72,1.73798,-0.140441,-5.26E-17,-1.63E-11,-3.11E-13,-2.68E-14,0,3.12164e-13,0,0,0,0,288.616,10.9731,-0.0435011,0,10.9732,1,0
573,5.73,2.09776e-05,4.34624,0,1.79154e-05,0.0323675,0.000231147,-9.24E-07,0,0.000231149,5.73,0,0,5.73,1.73798,-0.140485,-5.31E-17,-1.63E-11,-3.08E-13,-2.72E-14,0,3.09496e-13,0,0,0,0,288.615,11.0187,-0.0440669,0,11.0188,1,0
574,5.74,2.09776e-05,4.34624,0,1.79154e-05,0.0325021,0.000232104,-9.36E-07,0,0.000232106,5.74,0,0,5.74,1.73798,-0.140529,-5.36E-17,-1.63E-11,-3.06E-13,-2.77E-14,0,3.06829e-13,0,0,0,0,288.615,11.0643,-0.0446328,0,11.0644,1,0
575,5.75,2.09777e-05,4.34625,0,1.79154e-05,0.0326367,0.000233061,-9.48E-07,0,0.000233063,5.75,0,0,5.75,1.73798,-0.140573,-5.41E-17,-1.63E-11,-3.03E-13,-2.82E-14,0,3.04164e-13,0,0,0,0,288.615,11.1099,-0.0451986,0,11.11,1,0
576,5.76,2.09777e-05,4.34626,0,1.79154e-05,0.0327713,0.000234017,-9.60E-07,0,0.000234019,5.76,0,0,5.76,1.73798,-0.140617,-5.46E-17,-1.63E-11,-3.00E-13,-2.87E-14,0,3.01501e-13,0,0,0,0,288.614,11.1555,-0.0457645,0,11.1556,1,0
577,5.77,2.09777e-05,4.34627,0,1.79154e-05,0.0329058,0.000234974,-9.72E-07,0,0.000234976,5.77,0,0,5.77,1.73798,-0.140661,-5.51E-17,-1.63E-11,-2.97E-13,-2.92E-14,0,2.9884e-13,0,0,0,0,288.614,11.2011,-0.0463303,0,11.2012,1,0
578,5.78,2.09777e-05,4.34628,0,1.79153e-05,0.0330404,0.000235931,-9.84E-07,0,0.000235933,5.78,0,0,5.78,1.73798,-0.140705,-5.56E-17,-1.63E-11,-2.95E-13,-2.97E-14,0,2.96181e-13,0,0,0,0,288.614,11.2467,-0.0468962,0,11.2468,1,0
579,5.79,2.09777e-05,4.34629,0,1.79153e-05,0.033175,0.000236888,-9.95E-07,0,0.00023689,5.79,0,0,5.79,1.73798,-0.140749,-5.61E-17,-1.63E-11,-2.92E-13,-3.02E-14,0,2.93524e-13,0,0,0,0,288.613,11.2923,-0.047462,0,11.2924,1,0
580,5.8,2.09778e-05,4.3463,0,1.79153e-05,0.0333096,0.000237845,-1.01E-06,0,0.000237847,5.8,0,0,5.8,1.73798,-0.140793,-5.66E-17,-1.63E-11,-2.89E-13,-3.07E-14,0,2.90869e-13,0,0,0,0,288.613,11.3379,-0.0480278,0,11.338,1,0
581,5.81,2.09778e-05,4.34631,0,1.79153e-05,0.0334441,0.000238802,-1.02E-06,0,0.000238804,5.81,0,0,5.81,1.73798,-0.140837,-5.71E-17,-1.63E-11,-2.87E-13,-3.12E-14,0,2.88216e-13,0,0,0,0,288.612,11.3835,-0.0485937,0,11.3837,1,0
582,5.82,2.09778e-05,4.34632,0,1.79153e-05,0.0335359,0.000239459,-1.03E-06,0,0.000239461,5.82,0,0,5.82,1.73798,-0.140722,-5.70E-17,-1.63E-11,-2.86E-13,-3.10E-14,0,2.88064e-13,0,0,0,0,288.612,11.4149,-0.0489805,0,11.415,1,0
583,5.83,2.09778e-05,4.34633,0,1.79153e-05,0.0336043,0.000239954,-1.03E-06,0,0.000239956,5.83,0,0,5.83,1.73798,-0.140522,-5.66E-17,-1.62E-11,-2.88E-13,-3.03E-14,0,2.89276e-13,0,0,0,0,288.612,11.4384,-0.04927,0,11.4385,1,0
584,5.84,2.09779e-05,4.34634,0,1.79153e-05,0.0336727,0.000240448,-1.04E-06,0,0.00024045,5.84,0,0,5.84,1.73798,-0.140321,-5.63E-17,-1.62E-11,-2.89E-13,-2.97E-14,0,2.90489e-13,0,0,0,0,288.612,11.462,-0.0495594,0,11.4621,1,0
585,5.85,2.09779e-05,4.34635,0,1.79153e-05,0.0337412,0.000240942,-1.05E-06,0,0.000240945,5.85,0,0,5.85,1.73799,-0.140121,-5.59E-17,-1.61E-11,-2.90E-13,-2.90E-14,0,2.91704e-13,0,0,0,0,288.612,11.4855,-0.0498489,0,11.4856,1,0
586,5.86,2.0978e-05,4.34637,0,1.79153e-05,0.0338096,0.000241437,-1.05E-06,0,0.000241439,5.86,0,0,5.86,1.73799,-0.139921,-5.55E-17,-1.61E-11,-2.92E-13,-2.84E-14,0,2.92921e-13,0,0,0,0,288.612,11.5091,-0.0501383,0,11.5092,1,0
587,5.87,2.0978e-05,4.34638,0,1.79153e-05,0.033878,0.000241931,-1.06E-06,0,0.000241934,5.87,0,0,5.87,1.73799,-0.13972,-5.52E-17,-1.60E-11,-2.93E-13,-2.78E-14,0,2.94141e-13,0,0,0,0,288.612,11.5326,-0.0504278,0,11.5327,1,0
588,5.88,2.0978e-05,4.34639,0,1.79152e-05,0.0339465,0.000242426,-1.06E-06,0,0.000242428,5.88,0,0,5.88,1.73799,-0.13952,-5.48E-17,-1.60E-11,-2.94E-13,-2.71E-14,0,2.95362e-13,0,0,0,0,288.612,11.5562,-0.0507172,0,11.5563,1,0
589,5.89,2.09781e-05,4.3464,0,1.79152e-05,0.0340149,0.00024292,-1.07E-06,0,0.000242922,5.89,0,0,5.89,1.738,-0.139319,-5.44E-17,-1.59E-11,-2.95E-13,-2.65E-14,0,2.96585e-13,0,0,0,0,288.612,11.5797,-0.0510067,0,11.5798,1,0
590,5.9,2.09781e-05,4.34641,0,1.79152e-05,0.0340833,0.000243415,-1.08E-06,0,0.000243417,5.9,0,0,5.9,1.738,-0.139119,-5.41E-17,-1.58E-11,-2.97E-13,-2.59E-14,0,2.9781e-13,0,0,0,0,288.612,11.6033,-0.0512961,0,11.6034,1,0
591,5.91,2.09781e-05,4.34643,0,1.79152e-05,0.0341518,0.000243909,-1.08E-06,0,0.000243911,5.91,0,0,5.91,1.738,-0.138918,-5.37E-17,-1.58E-11,-2.98E-13,-2.52E-14,0,2.99037e-13,0,0,0,0,288.611,11.6268,-0.0515856,0,11.6269,1,0
592,5.92,2.09782e-05,4.34644,0,1.79152e-05,0.0342202,0.000244403,-1.09E-06,0,0.000244406,5.92,0,0,5.92,1.738,-0.138718,-5.33E-17,-1.57E-11,-2.99E-13,-2.46E-14,0,3.00265e-13,0,0,0,0,288.611,11.6503,-0.051875,0,11.6505,1,0
593,5.93,2.09782e-05,4.34645,0,1.79152e-05,0.0342886,0.000244898,-1.09E-06,0,0.0002449,5.93,0,0,5.93,1.73801,-0.138517,-5.30E-17,-1.57E-11,-3.01E-13,-2.40E-14,0,3.01496e-13,0,0,0,0,288.611,11.6739,-0.0521645,0,11.674,1,0
594,5.94,2.09782e-05,4.34646,0,1.79152e-05,0.0343571,0.000245392,-1.10E-06,0,0.000245395,5.94,0,0,5.94,1.73801,-0.138317,-5.26E-17,-1.56E-11,-3.02E-13,-2.33E-14,0,3.02728e-13,0,0,0,0,288.611,11.6974,-0.0524539,0,11.6976,1,0
595,5.95,2.09783e-05,4.34647,0,1.79152e-05,0.0344255,0.000245887,-1.11E-06,0,0.000245889,5.95,0,0,5.95,1.73801,-0.138116,-5.22E-17,-1.56E-11,-3.03E-13,-2.27E-14,0,3.03962e-13,0,0,0,0,288.611,11.721,-0.0527434,0,11.7211,1,0
596,5.96,2.09783e-05,4.34649,0,1.79152e-05,0.0344939,0.000246381,-1.11E-06,0,0.000246384,5.96,0,0,5.96,1.73801,-0.137916,-5.19E-17,-1.55E-11,-3.04E-13,-2.20E-14,0,3.05198e-13,0,0,0,0,288.611,11.7445,-0.0530328,0,11.7447,1,0
597,5.97,2.09784e-05,4.3465,0,1.79152e-05,0.0345624,0.000246876,-1.12E-06,0,0.000246878,5.97,0,0,5.97,1.73802,-0.137715,-5.15E-17,-1.55E-11,-3.06E-13,-2.14E-14,0,3.06436e-13,0,0,0,0,288.611,11.7681,-0.0533223,0,11.7682,1,0
598,5.98,2.09784e-05,4.34651,0,1.79152e-05,0.0346308,0.00024737,-1.12E-06,0,0.000247373,5.98,0,0,5.98,1.73802,-0.137515,-5.11E-17,-1.54E-11,-3.07E-13,-2.08E-14,0,3.07675e-13,0,0,0,0,288.611,11.7916,-0.0536117,0,11.7918,1,0
599,5.99,2.09784e-05,4.34652,0,1.79152e-05,0.0347082,0.000247927,-1.13E-06,0,0.00024793,5.99,0,0,5.99,1.73802,-0.137276,-5.07E-17,-1.53E-11,-3.08E-13,-2.01E-14,0,3.08954e-13,0,0,0,0,288.611,11.8182,-0.0537416,0,11.8183,1,0
600,6,2.09785e-05,4.34655,0,1.79152e-05,0.0348436,0.000248891,-1.11E-06,0,0.000248894,6,0,0,6,1.73803,-0.136784,-5.03E-17,-1.53E-11,-3.10E-13,-1.93E-14,0,3.1048e-13,0,0,0,0,288.61,11.8641,-0.0528373,0,11.8642,1,0
601,6.01,2.09786e-05,4.34658,0,1.79152e-05,0.034979,0.000249855,-1.09E-06,0,0.000249857,6.01,0,0,6.01,1.73803,-0.136292,-4.98E-17,-1.52E-11,-3.11E-13,-1.85E-14,0,3.12008e-13,0,0,0,0,288.61,11.9099,-0.0519329,0,11.9101,1,0
602,6.02,2.09787e-05,4.3466,0,1.79152e-05,0.0351144,0.000250819,-1.07E-06,0,0.000250821,6.02,0,0,6.02,1.73804,-0.1358,-4.94E-17,-1.51E-11,-3.13E-13,-1.78E-14,0,3.13539e-13,0,0,0,0,288.61,11.9558,-0.0510286,0,11.9559,1,0
603,6.03,2.09788e-05,4.34663,0,1.79151e-05,0.0352498,0.000251783,-1.05E-06,0,0.000251785,6.03,0,0,6.03,1.73805,-0.135309,-4.89E-17,-1.51E-11,-3.15E-13,-1.70E-14,0,3.15073e-13,0,0,0,0,288.61,12.0017,-0.0501243,0,12.0018,1,0
604,6.04,2.09789e-05,4.34666,0,1.79151e-05,0.0353853,0.000252747,-1.03E-06,0,0.000252749,6.04,0,0,6.04,1.73805,-0.134817,-4.85E-17,-1.50E-11,-3.16E-13,-1.62E-14,0,3.16608e-13,0,0,0,0,288.609,12.0476,-0.04922,0,12.0477,1,0
605,6.05,2.0979e-05,4.34668,0,1.79151e-05,0.0355207,0.00025371,-1.01E-06,0,0.000253712,6.05,0,0,6.05,1.73806,-0.134325,-4.80E-17,-1.49E-11,-3.18E-13,-1.54E-14,0,3.18146e-13,0,0,0,0,288.609,12.0935,-0.0483156,0,12.0936,1,0
606,6.06,2.09791e-05,4.34671,0,1.79151e-05,0.0356561,0.000254674,-9.95E-07,0,0.000254676,6.06,0,0,6.06,1.73806,-0.133833,-4.76E-17,-1.49E-11,-3.19E-13,-1.46E-14,0,3.19686e-13,0,0,0,0,288.609,12.1394,-0.0474113,0,12.1395,1,0
607,6.07,2.09792e-05,4.34674,0,1.79151e-05,0.0357915,0.000255638,-9.76E-07,0,0.00025564,6.07,0,0,6.07,1.73807,-0.133342,-4.71E-17,-1.48E-11,-3.21E-13,-1.39E-14,0,3.21229e-13,0,0,0,0,288.608,12.1853,-0.046507,0,12.1854,1,0
608,6.08,2.09793e-05,4.34676,0,1.79151e-05,0.0359269,0.000256602,-9.57E-07,0,0.000256604,6.08,0,0,6.08,1.73808,-0.13285,-4.67E-17,-1.47E-11,-3.23E-13,-1.31E-14,0,3.22774e-13,0,0,0,0,288.608,12.2312,-0.0456027,0,12.2313,1,0
609,6.09,2.09794e-05,4.34679,0,1.79151e-05,0.0360623,0.000257566,-9.38E-07,0,0.000257568,6.09,0,0,6.09,1.73808,-0.132358,-4.62E-17,-1.47E-11,-3.24E-13,-1.23E-14,0,3.24321e-13,0,0,0,0,288.608,12.2771,-0.0446983,0,12.2771,1,0
610,6.1,2.09795e-05,4.34682,0,1.7915e-05,0.0361977,0.00025853,-9.19E-07,0,0.000258531,6.1,0,0,6.1,1.73809,-0.131866,-4.58E-17,-1.46E-11,-3.26E-13,-1.15E-14,0,3.2587e-13,0,0,0,0,288.608,12.323,-0.043794,0,12.323,1,0
611,6.11,2.09796e-05,4.34684,0,1.7915e-05,0.0363332,0.000259494,-9.00E-07,0,0.000259495,6.11,0,0,6.11,1.73809,-0.131375,-4.53E-17,-1.45E-11,-3.27E-13,-1.07E-14,0,3.27421e-13,0,0,0,0,288.607,12.3688,-0.0428897,0,12.3689,1,0
612,6.12,2.09796e-05,4.34687,0,1.7915e-05,0.0364686,0.000260457,-8.81E-07,0,0.000260459,6.12,0,0,6.12,1.7381,-0.130883,-4.49E-17,-1.45E-11,-3.29E-13,-9.95E-15,0,3.28975e-13,0,0,0,0,288.607,12.4147,-0.0419854,0,12.4148,1,0
613,6.13,2.09797e-05,4.3469,0,1.7915e-05,0.036604,0.000261421,-8.62E-07,0,0.000261423,6.13,0,0,6.13,1.73811,-0.130391,-4.44E-17,-1.44E-11,-3.30E-13,-9.17E-15,0,3.30531e-13,0,0,0,0,288.607,12.4606,-0.041081,0,12.4607,1,0
614,6.14,2.09798e-05,4.34692,0,1.7915e-05,0.0367394,0.000262385,-8.43E-07,0,0.000262387,6.14,0,0,6.14,1.73811,-0.129899,-4.40E-17,-1.43E-11,-3.32E-13,-8.39E-15,0,3.32088e-13,0,0,0,0,288.606,12.5065,-0.0401767,0,12.5066,1,0
615,6.15,2.09799e-05,4.34695,0,1.7915e-05,0.0368748,0.000263349,-8.24E-07,0,0.00026335,6.15,0,0,6.15,1.73812,-0.129408,-4.35E-17,-1.42E-11,-3.34E-13,-7.61E-15,0,3.33648e-13,0,0,0,0,288.606,12.5524,-0.0392724,0,12.5525,1,0
616,6.16,2.098e-05,4.34698,0,1.7915e-05,0.0370102,0.000264313,-8.05E-07,0,0.000264314,6.16,0,0,6.16,1.73812,-0.128916,-4.31E-17,-1.42E-11,-3.35E-13,-6.82E-15,0,3.35209e-13,0,0,0,0,288.606,12.5983,-0.0383681,0,12.5983,1,0
617,6.17,2.09801e-05,4.34699,0,1.7915e-05,0.0371003,0.000264958,-7.95E-07,0,0.000264959,6.17,0,0,6.17,1.73813,-0.128648,-4.29E-17,-1.41E-11,-3.34E-13,-6.95E-15,0,3.34261e-13,0,0,0,0,288.606,12.629,-0.0378485,0,12.6291,1,0
618,6.18,2.09801e-05,4.347,0,1.79149e-05,0.0371575,0.000265372,-7.90E-07,0,0.000265373,6.18,0,0,6.18,1.73813,-0.128543,-4.29E-17,-1.41E-11,-3.31E-13,-7.73E-15,0,3.31491e-13,0,0,0,0,288.605,12.6487,-0.0376085,0,12.6488,1,0
619,6.19,2.09801e-05,4.34701,0,1.79149e-05,0.0372147,0.000265785,-7.84E-07,0,0.000265787,6.19,0,0,6.19,1.73813,-0.128439,-4.29E-17,-1.40E-11,-3.29E-13,-8.52E-15,0,3.28723e-13,0,0,0,0,288.605,12.6684,-0.0373684,0,12.6685,1,0
620,6.2,2.09801e-05,4.34702,0,1.79149e-05,0.0372719,0.000266199,-7.79E-07,0,0.0002662,6.2,0,0,6.2,1.73813,-0.128334,-4.30E-17,-1.40E-11,-3.26E-13,-9.30E-15,0,3.25958e-13,0,0,0,0,288.605,12.6881,-0.0371284,0,12.6882,1,0
621,6.21,2.09802e-05,4.34703,0,1.79149e-05,0.0373291,0.000266613,-7.74E-07,0,0.000266614,6.21,0,0,6.21,1.73813,-0.128229,-4.30E-17,-1.39E-11,-3.23E-13,-1.01E-14,0,3.23194e-13,0,0,0,0,288.605,12.7078,-0.0368883,0,12.7079,1,0
622,6.22,2.09802e-05,4.34704,0,1.79149e-05,0.0373863,0.000267026,-7.69E-07,0,0.000267027,6.22,0,0,6.22,1.73813,-0.128124,-4.30E-17,-1.39E-11,-3.20E-13,-1.09E-14,0,3.20433e-13,0,0,0,0,288.605,12.7275,-0.0366483,0,12.7276,1,0
623,6.23,2.09802e-05,4.34705,0,1.79149e-05,0.0374435,0.00026744,-7.64E-07,0,0.000267441,6.23,0,0,6.23,1.73813,-0.128019,-4.31E-17,-1.38E-11,-3.17E-13,-1.17E-14,0,3.17674e-13,0,0,0,0,288.605,12.7472,-0.0364082,0,12.7473,1,0
624,6.24,2.09802e-05,4.34705,0,1.79149e-05,0.0375007,0.000267854,-7.59E-07,0,0.000267855,6.24,0,0,6.24,1.73814,-0.127914,-4.31E-17,-1.38E-11,-3.15E-13,-1.24E-14,0,3.14918e-13,0,0,0,0,288.605,12.7669,-0.0361682,0,12.767,1,0
625,6.25,2.09803e-05,4.34706,0,1.79149e-05,0.0375579,0.000268267,-7.54E-07,0,0.000268268,6.25,0,0,6.25,1.73814,-0.12781,-4.31E-17,-1.37E-11,-3.12E-13,-1.32E-14,0,3.12164e-13,0,0,0,0,288.605,12.7866,-0.0359281,0,12.7867,1,0
626,6.26,2.09803e-05,4.34707,0,1.79149e-05,0.037615,0.000268681,-7.49E-07,0,0.000268682,6.26,0,0,6.26,1.73814,-0.127705,-4.32E-17,-1.37E-11,-3.09E-13,-1.40E-14,0,3.09413e-13,0,0,0,0,288.604,12.8063,-0.0356881,0,12.8064,1,0
627,6.27,2.09803e-05,4.34708,0,1.79149e-05,0.0376722,0.000269095,-7.44E-07,0,0.000269096,6.27,0,0,6.27,1.73814,-0.1276,-4.32E-17,-1.36E-11,-3.06E-13,-1.48E-14,0,3.06664e-13,0,0,0,0,288.604,12.826,-0.0354481,0,12.8261,1,0
628,6.28,2.09803e-05,4.34709,0,1.79149e-05,0.0377294,0.000269508,-7.39E-07,0,0.000269509,6.28,0,0,6.28,1.73814,-0.127495,-4.32E-17,-1.36E-11,-3.04E-13,-1.56E-14,0,3.03919e-13,0,0,0,0,288.604,12.8457,-0.035208,0,12.8458,1,0
629,6.29,2.09804e-05,4.3471,0,1.79149e-05,0.0377866,0.000269922,-7.34E-07,0,0.000269923,6.29,0,0,6.29,1.73814,-0.12739,-4.32E-17,-1.35E-11,-3.01E-13,-1.64E-14,0,3.01176e-13,0,0,0,0,288.604,12.8654,-0.034968,0,12.8655,1,0
630,6.3,2.09804e-05,4.34711,0,1.79149e-05,0.0378438,0.000270335,-7.29E-07,0,0.000270336,6.3,0,0,6.3,1.73814,-0.127285,-4.33E-17,-1.35E-11,-2.98E-13,-1.71E-14,0,2.98436e-13,0,0,0,0,288.604,12.8851,-0.0347279,0,12.8851,1,0
631,6.31,2.09804e-05,4.34711,0,1.79149e-05,0.037901,0.000270749,-7.24E-07,0,0.00027075,6.31,0,0,6.31,1.73814,-0.127181,-4.33E-17,-1.34E-11,-2.95E-13,-1.79E-14,0,2.95699e-13,0,0,0,0,288.604,12.9048,-0.0344879,0,12.9048,1,0
632,6.32,2.09804e-05,4.34712,0,1.79149e-05,0.0379582,0.000271163,-7.19E-07,0,0.000271164,6.32,0,0,6.32,1.73815,-0.127076,-4.33E-17,-1.34E-11,-2.92E-13,-1.87E-14,0,2.92965e-13,0,0,0,0,288.604,12.9245,-0.0342478,0,12.9245,1,0
633,6.33,2.09805e-05,4.34714,0,1.79148e-05,0.0380841,0.000272059,-7.29E-07,0,0.00027206,6.33,0,0,6.33,1.73815,-0.12679,-4.35E-17,-1.33E-11,-2.89E-13,-1.93E-14,0,2.89873e-13,0,0,0,0,288.603,12.9672,-0.0347142,0,12.9672,1,0
634,6.34,2.09806e-05,4.34717,0,1.79148e-05,0.0382143,0.000272985,-7.39E-07,0,0.000272986,6.34,0,0,6.34,1.73815,-0.126492,-4.37E-17,-1.33E-11,-2.86E-13,-1.99E-14,0,2.8676e-13,0,0,0,0,288.603,13.0113,-0.0352251,0,13.0113,1,0
635,6.35,2.09807e-05,4.34719,0,1.79148e-05,0.0383445,0.000273911,-7.50E-07,0,0.000273912,6.35,0,0,6.35,1.73816,-0.126195,-4.39E-17,-1.33E-11,-2.83E-13,-2.04E-14,0,2.83649e-13,0,0,0,0,288.603,13.0554,-0.035736,0,13.0554,1,0
636,6.36,2.09807e-05,4.34721,0,1.79148e-05,0.0384747,0.000274838,-7.61E-07,0,0.000274839,6.36,0,0,6.36,1.73816,-0.125898,-4.41E-17,-1.33E-11,-2.80E-13,-2.10E-14,0,2.8054e-13,0,0,0,0,288.602,13.0995,-0.0362469,0,13.0995,1,0
637,6.37,2.09808e-05,4.34723,0,1.79148e-05,0.0386049,0.000275764,-7.71E-07,0,0.000275765,6.37,0,0,6.37,1.73816,-0.1256,-4.43E-17,-1.32E-11,-2.77E-13,-2.15E-14,0,2.77434e-13,0,0,0,0,288.602,13.1436,-0.0367578,0,13.1436,1,0
638,6.38,2.09809e-05,4.34725,0,1.79147e-05,0.0387351,0.00027669,-7.82E-07,0,0.000276691,6.38,0,0,6.38,1.73817,-0.125303,-4.45E-17,-1.32E-11,-2.73E-13,-2.21E-14,0,2.7433e-13,0,0,0,0,288.601,13.1877,-0.0372687,0,13.1877,1,0
639,6.39,2.09809e-05,4.34727,0,1.79147e-05,0.0388653,0.000277617,-7.93E-07,0,0.000277618,6.39,0,0,6.39,1.73817,-0.125005,-4.47E-17,-1.32E-11,-2.70E-13,-2.27E-14,0,2.71228e-13,0,0,0,0,288.601,13.2318,-0.0377796,0,13.2318,1,0
640,6.4,2.0981e-05,4.34729,0,1.79147e-05,0.0389955,0.000278543,-8.04E-07,0,0.000278544,6.4,0,0,6.4,1.73817,-0.124708,-4.49E-17,-1.32E-11,-2.67E-13,-2.32E-14,0,2.68129e-13,0,0,0,0,288.601,13.2759,-0.0382905,0,13.276,1,0
641,6.41,2.09811e-05,4.34731,0,1.79147e-05,0.0391258,0.000279469,-8.14E-07,0,0.00027947,6.41,0,0,6.41,1.73818,-0.12441,-4.51E-17,-1.31E-11,-2.64E-13,-2.38E-14,0,2.65033e-13,0,0,0,0,288.6,13.32,-0.0388014,0,13.3201,1,0
642,6.42,2.09812e-05,4.34734,0,1.79147e-05,0.039256,0.000280395,-8.25E-07,0,0.000280397,6.42,0,0,6.42,1.73818,-0.124113,-4.53E-17,-1.31E-11,-2.61E-13,-2.43E-14,0,2.61939e-13,0,0,0,0,288.6,13.3641,-0.0393123,0,13.3642,1,0
643,6.43,2.09812e-05,4.34736,0,1.79147e-05,0.0393862,0.000281322,-8.36E-07,0,0.000281323,6.43,0,0,6.43,1.73819,-0.123816,-4.55E-17,-1.31E-11,-2.58E-13,-2.49E-14,0,2.58848e-13,0,0,0,0,288.599,13.4082,-0.0398232,0,13.4083,1,0
644,6.44,2.09813e-05,4.34738,0,1.79146e-05,0.0395164,0.000282248,-8.46E-07,0,0.000282249,6.44,0,0,6.44,1.73819,-0.123518,-4.57E-17,-1.31E-11,-2.54E-13,-2.55E-14,0,2.5576e-13,0,0,0,0,288.599,13.4523,-0.0403341,0,13.4524,1,0
645,6.45,2.09814e-05,4.3474,0,1.79146e-05,0.0396466,0.000283174,-8.57E-07,0,0.000283176,6.45,0,0,6.45,1.73819,-0.123221,-4.59E-17,-1.30E-11,-2.51E-13,-2.60E-14,0,2.52674e-13,0,0,0,0,288.599,13.4964,-0.040845,0,13.4965,1,0
646,6.46,2.09814e-05,4.34742,0,1.79146e-05,0.0397768,0.000284101,-8.68E-07,0,0.000284102,6.46,0,0,6.46,1.7382,-0.122923,-4.61E-17,-1.30E-11,-2.48E-13,-2.66E-14,0,2.49592e-13,0,0,0,0,288.598,13.5405,-0.0413559,0,13.5406,1,0
647,6.47,2.09815e-05,4.34744,0,1.79146e-05,0.039907,0.000285027,-8.79E-07,0,0.000285028,6.47,0,0,6.47,1.7382,-0.122626,-4.63E-17,-1.30E-11,-2.45E-13,-2.71E-14,0,2.46513e-13,0,0,0,0,288.598,13.5846,-0.0418668,0,13.5847,1,0
648,6.48,2.09816e-05,4.34747,0,1.79146e-05,0.0400372,0.000285953,-8.89E-07,0,0.000285955,6.48,0,0,6.48,1.7382,-0.122329,-4.65E-17,-1.30E-11,-2.42E-13,-2.77E-14,0,2.43438e-13,0,0,0,0,288.598,13.6287,-0.0423777,0,13.6288,1,0
649,6.49,2.09817e-05,4.34749,0,1.79145e-05,0.0401674,0.00028688,-9.00E-07,0,0.000286881,6.49,0,0,6.49,1.73821,-0.122031,-4.67E-17,-1.29E-11,-2.39E-13,-2.83E-14,0,2.40365e-13,0,0,0,0,288.597,13.6728,-0.0428886,0,13.6729,1,0
650,6.5,2.09817e-05,4.34751,0,1.79145e-05,0.0402977,0.000287806,-9.11E-07,0,0.000287807,6.5,0,0,6.5,1.73821,-0.121734,-4.69E-17,-1.29E-11,-2.36E-13,-2.88E-14,0,2.37297e-13,0,0,0,0,288.597,13.7169,-0.0433995,0,13.717,1,0
651,6.51,2.09818e-05,4.34753,0,1.79145e-05,0.0404279,0.000288732,-9.21E-07,0,0.000288734,6.51,0,0,6.51,1.73821,-0.121436,-4.71E-17,-1.29E-11,-2.32E-13,-2.94E-14,0,2.34232e-13,0,0,0,0,288.596,13.761,-0.0439104,0,13.7611,1,0
652,6.52,2.09819e-05,4.34755,0,1.79145e-05,0.0405581,0.000289659,-9.32E-07,0,0.00028966,6.52,0,0,6.52,1.73822,-0.121139,-4.73E-17,-1.29E-11,-2.29E-13,-2.99E-14,0,2.31171e-13,0,0,0,0,288.596,13.8052,-0.0444213,0,13.8052,1,0
653,6.53,2.0982e-05,4.34757,0,1.79145e-05,0.0406883,0.000290585,-9.43E-07,0,0.000290586,6.53,0,0,6.53,1.73822,-0.120841,-4.75E-17,-1.28E-11,-2.26E-13,-3.05E-14,0,2.28114e-13,0,0,0,0,288.596,13.8493,-0.0449322,0,13.8493,1,0
654,6.54,2.0982e-05,4.34759,0,1.79144e-05,0.0408185,0.000291511,-9.53E-07,0,0.000291513,6.54,0,0,6.54,1.73823,-0.120544,-4.77E-17,-1.28E-11,-2.23E-13,-3.11E-14,0,2.25061e-13,0,0,0,0,288.595,13.8934,-0.0454431,0,13.8934,1,0
655,6.55,2.09821e-05,4.34761,0,1.79144e-05,0.0409487,0.000292438,-9.64E-07,0,0.000292439,6.55,0,0,6.55,1.73823,-0.120247,-4.79E-17,-1.28E-11,-2.20E-13,-3.16E-14,0,2.22013e-13,0,0,0,0,288.595,13.9375,-0.045954,0,13.9375,1,0
656,6.56,2.09822e-05,4.34764,0,1.79144e-05,0.0410789,0.000293364,-9.75E-07,0,0.000293365,6.56,0,0,6.56,1.73823,-0.119949,-4.80E-17,-1.28E-11,-2.17E-13,-3.22E-14,0,2.18969e-13,0,0,0,0,288.594,13.9816,-0.0464649,0,13.9816,1,0
657,6.57,2.09822e-05,4.34766,0,1.79144e-05,0.0411987,0.000294217,-9.85E-07,0,0.000294219,6.57,0,0,6.57,1.73824,-0.119628,-4.82E-17,-1.27E-11,-2.14E-13,-3.26E-14,0,2.16425e-13,0,0,0,0,288.594,14.0222,-0.046928,0,14.0223,1,0
658,6.58,2.09823e-05,4.34768,0,1.79144e-05,0.0412463,0.000294563,-9.87E-07,0,0.000294564,6.58,0,0,6.58,1.73824,-0.119144,-4.80E-17,-1.27E-11,-2.15E-13,-3.16E-14,0,2.17328e-13,0,0,0,0,288.594,14.0386,-0.0470587,0,14.0387,1,0
659,6.59,2.09824e-05,4.3477,0,1.79144e-05,0.0412938,0.000294908,-9.90E-07,0,0.00029491,6.59,0,0,6.59,1.73825,-0.118661,-4.78E-17,-1.27E-11,-2.16E-13,-3.07E-14,0,2.18237e-13,0,0,0,0,288.594,14.055,-0.0471893,0,14.0551,1,0
660,6.6,2.09824e-05,4.34772,0,1.79144e-05,0.0413413,0.000295254,-9.93E-07,0,0.000295256,6.6,0,0,6.6,1.73825,-0.118177,-4.75E-17,-1.26E-11,-2.17E-13,-2.98E-14,0,2.19151e-13,0,0,0,0,288.594,14.0715,-0.04732,0,14.0716,1,0
661,6.61,2.09825e-05,4.34774,0,1.79144e-05,0.0413888,0.0002956,-9.96E-07,0,0.000295602,6.61,0,0,6.61,1.73826,-0.117693,-4.73E-17,-1.26E-11,-2.18E-13,-2.89E-14,0,2.2007e-13,0,0,0,0,288.594,14.0879,-0.0474507,0,14.088,1,0
662,6.62,2.09826e-05,4.34776,0,1.79144e-05,0.0414363,0.000295946,-9.98E-07,0,0.000295947,6.62,0,0,6.62,1.73827,-0.117209,-4.71E-17,-1.26E-11,-2.19E-13,-2.80E-14,0,2.20993e-13,0,0,0,0,288.594,14.1043,-0.0475814,0,14.1044,1,0
663,6.63,2.09827e-05,4.34777,0,1.79144e-05,0.0414838,0.000296291,-1.00E-06,0,0.000296293,6.63,0,0,6.63,1.73827,-0.116725,-4.69E-17,-1.25E-11,-2.20E-13,-2.71E-14,0,2.21922e-13,0,0,0,0,288.594,14.1208,-0.0477121,0,14.1208,1,0
664,6.64,2.09827e-05,4.3478,0,1.79144e-05,0.0415314,0.000296637,-1.00E-06,0,0.000296639,6.64,0,0,6.64,1.73828,-0.116241,-4.66E-17,-1.25E-11,-2.21E-13,-2.62E-14,0,2.22855e-13,0,0,0,0,288.594,14.1372,-0.0478428,0,14.1373,1,0
665,6.65,2.09828e-05,4.34781,0,1.79144e-05,0.0415789,0.000296983,-1.01E-06,0,0.000296984,6.65,0,0,6.65,1.73828,-0.115757,-4.64E-17,-1.25E-11,-2.22E-13,-2.53E-14,0,2.23793e-13,0,0,0,0,288.594,14.1536,-0.0479734,0,14.1537,1,0
666,6.66,2.09829e-05,4.34783,0,1.79144e-05,0.0416264,0.000297328,-1.01E-06,0,0.00029733,6.66,0,0,6.66,1.73829,-0.115273,-4.62E-17,-1.24E-11,-2.23E-13,-2.44E-14,0,2.24736e-13,0,0,0,0,288.594,14.17,-0.0481041,0,14.1701,1,0
667,6.67,2.09829e-05,4.34785,0,1.79144e-05,0.0416739,0.000297674,-1.01E-06,0,0.000297676,6.67,0,0,6.67,1.7383,-0.114789,-4.60E-17,-1.24E-11,-2.24E-13,-2.34E-14,0,2.25683e-13,0,0,0,0,288.594,14.1865,-0.0482348,0,14.1865,1,0
668,6.68,2.0983e-05,4.34787,0,1.79144e-05,0.0417214,0.00029802,-1.01E-06,0,0.000298021,6.68,0,0,6.68,1.7383,-0.114305,-4.58E-17,-1.24E-11,-2.26E-13,-2.25E-14,0,2.26635e-13,0,0,0,0,288.594,14.2029,-0.0483655,0,14.203,1,0
669,6.69,2.09831e-05,4.34789,0,1.79144e-05,0.0417689,0.000298365,-1.02E-06,0,0.000298367,6.69,0,0,6.69,1.73831,-0.113821,-4.55E-17,-1.23E-11,-2.27E-13,-2.16E-14,0,2.27592e-13,0,0,0,0,288.594,14.2193,-0.0484962,0,14.2194,1,0
670,6.7,2.09831e-05,4.34791,0,1.79144e-05,0.0418165,0.000298711,-1.02E-06,0,0.000298713,6.7,0,0,6.7,1.73831,-0.113337,-4.53E-17,-1.23E-11,-2.28E-13,-2.07E-14,0,2.28553e-13,0,0,0,0,288.595,14.2357,-0.0486269,0,14.2358,1,0
671,6.71,2.09832e-05,4.34793,0,1.79144e-05,0.041864,0.000299057,-1.02E-06,0,0.000299058,6.71,0,0,6.71,1.73832,-0.112853,-4.51E-17,-1.23E-11,-2.29E-13,-1.98E-14,0,2.29518e-13,0,0,0,0,288.595,14.2522,-0.0487575,0,14.2523,1,0
672,6.72,2.09833e-05,4.34795,0,1.79144e-05,0.0419115,0.000299402,-1.03E-06,0,0.000299404,6.72,0,0,6.72,1.73832,-0.112369,-4.49E-17,-1.22E-11,-2.30E-13,-1.89E-14,0,2.30488e-13,0,0,0,0,288.595,14.2686,-0.0488882,0,14.2687,1,0
673,6.73,2.09833e-05,4.34797,0,1.79144e-05,0.041959,0.000299748,-1.03E-06,0,0.00029975,6.73,0,0,6.73,1.73833,-0.111886,-4.47E-17,-1.22E-11,-2.31E-13,-1.80E-14,0,2.31462e-13,0,0,0,0,288.595,14.285,-0.0490189,0,14.2851,1,0
674,6.74,2.09834e-05,4.34799,0,1.79144e-05,0.0420065,0.000300094,-1.03E-06,0,0.000300095,6.74,0,0,6.74,1.73834,-0.111402,-4.44E-17,-1.22E-11,-2.32E-13,-1.71E-14,0,2.3244e-13,0,0,0,0,288.595,14.3014,-0.0491496,0,14.3015,1,0
675,6.75,2.09835e-05,4.34801,0,1.79144e-05,0.042054,0.000300439,-1.03E-06,0,0.000300441,6.75,0,0,6.75,1.73834,-0.110918,-4.42E-17,-1.21E-11,-2.33E-13,-1.61E-14,0,2.33423e-13,0,0,0,0,288.595,14.3179,-0.0492803,0,14.318,1,0
676,6.76,2.09835e-05,4.34803,0,1.79144e-05,0.0421016,0.000300785,-1.04E-06,0,0.000300787,6.76,0,0,6.76,1.73835,-0.110434,-4.40E-17,-1.21E-11,-2.34E-13,-1.52E-14,0,2.34409e-13,0,0,0,0,288.595,14.3343,-0.049411,0,14.3344,1,0
677,6.77,2.09836e-05,4.34805,0,1.79144e-05,0.0421491,0.000301131,-1.04E-06,0,0.000301133,6.77,0,0,6.77,1.73835,-0.10995,-4.38E-17,-1.21E-11,-2.35E-13,-1.43E-14,0,2.354e-13,0,0,0,0,288.595,14.3507,-0.0495416,0,14.3508,1,0
678,6.78,2.09837e-05,4.34807,0,1.79144e-05,0.0421966,0.000301476,-1.04E-06,0,0.000301478,6.78,0,0,6.78,1.73836,-0.109466,-4.36E-17,-1.20E-11,-2.36E-13,-1.34E-14,0,2.36395e-13,0,0,0,0,288.595,14.3672,-0.0496723,0,14.3672,1,0
679,6.79,2.09837e-05,4.34809,0,1.79144e-05,0.0422441,0.000301822,-1.04E-06,0,0.000301824,6.79,0,0,6.79,1.73837,-0.108982,-4.33E-17,-1.20E-11,-2.37E-13,-1.25E-14,0,2.37393e-13,0,0,0,0,288.595,14.3836,-0.049803,0,14.3837,1,0
680,6.8,2.09838e-05,4.34811,0,1.79144e-05,0.0422916,0.000302168,-1.05E-06,0,0.00030217,6.8,0,0,6.8,1.73837,-0.108498,-4.31E-17,-1.20E-11,-2.38E-13,-1.16E-14,0,2.38396e-13,0,0,0,0,288.595,14.4,-0.0499337,0,14.4001,1,0
681,6.81,2.09839e-05,4.34813,0,1.79144e-05,0.0423392,0.000302513,-1.05E-06,0,0.000302515,6.81,0,0,6.81,1.73838,-0.108014,-4.29E-17,-1.19E-11,-2.39E-13,-1.07E-14,0,2.39402e-13,0,0,0,0,288.595,14.4164,-0.0500644,0,14.4165,1,0
682,6.82,2.0984e-05,4.34815,0,1.79144e-05,0.0423867,0.000302859,-1.05E-06,0,0.000302861,6.82,0,0,6.82,1.73838,-0.10753,-4.27E-17,-1.19E-11,-2.40E-13,-9.77E-15,0,2.40413e-13,0,0,0,0,288.595,14.4329,-0.050195,0,14.4329,1,0
683,6.83,2.0984e-05,4.34817,0,1.79144e-05,0.0424989,0.00030366,-1.04E-06,0,0.000303661,6.83,0,0,6.83,1.73839,-0.107258,-4.25E-17,-1.19E-11,-2.41E-13,-8.85E-15,0,2.41427e-13,0,0,0,0,288.595,14.471,-0.0493743,0,14.471,1,0
684,6.84,2.09841e-05,4.34819,0,1.79144e-05,0.0426171,0.000304502,-1.02E-06,0,0.000304504,6.84,0,0,6.84,1.73839,-0.107005,-4.22E-17,-1.18E-11,-2.42E-13,-7.94E-15,0,2.42445e-13,0,0,0,0,288.594,14.5111,-0.0484657,0,14.5111,1,0
685,6.85,2.09842e-05,4.34821,0,1.79144e-05,0.0427353,0.000305344,-9.98E-07,0,0.000305346,6.85,0,0,6.85,1.73839,-0.106751,-4.20E-17,-1.18E-11,-2.43E-13,-7.03E-15,0,2.43466e-13,0,0,0,0,288.594,14.5512,-0.0475573,0,14.5512,1,0
686,6.86,2.09842e-05,4.34823,0,1.79144e-05,0.0428535,0.000306186,-9.79E-07,0,0.000306188,6.86,0,0,6.86,1.7384,-0.106498,-4.18E-17,-1.18E-11,-2.44E-13,-6.12E-15,0,2.44491e-13,0,0,0,0,288.593,14.5912,-0.0466488,0,14.5913,1,0
687,6.87,2.09843e-05,4.34825,0,1.79143e-05,0.0429716,0.000307029,-9.60E-07,0,0.00030703,6.87,0,0,6.87,1.7384,-0.106245,-4.16E-17,-1.18E-11,-2.45E-13,-5.21E-15,0,2.4552e-13,0,0,0,0,288.593,14.6313,-0.0457403,0,14.6314,1,0
688,6.88,2.09843e-05,4.34827,0,1.79143e-05,0.0430898,0.000307871,-9.41E-07,0,0.000307872,6.88,0,0,6.88,1.7384,-0.105992,-4.14E-17,-1.17E-11,-2.47E-13,-4.30E-15,0,2.46552e-13,0,0,0,0,288.593,14.6714,-0.0448318,0,14.6715,1,0
689,6.89,2.09844e-05,4.34829,0,1.79143e-05,0.043208,0.000308713,-9.21E-07,0,0.000308715,6.89,0,0,6.89,1.73841,-0.105739,-4.11E-17,-1.17E-11,-2.48E-13,-3.38E-15,0,2.47588e-13,0,0,0,0,288.592,14.7115,-0.0439233,0,14.7116,1,0
690,6.9,2.09845e-05,4.34831,0,1.79143e-05,0.0433262,0.000309556,-9.02E-07,0,0.000309557,6.9,0,0,6.9,1.73841,-0.105486,-4.09E-17,-1.17E-11,-2.49E-13,-2.47E-15,0,2.48628e-13,0,0,0,0,288.592,14.7516,-0.0430148,0,14.7517,1,0
691,6.91,2.09845e-05,4.34833,0,1.79143e-05,0.0434444,0.000310398,-8.83E-07,0,0.000310399,6.91,0,0,6.91,1.73841,-0.105233,-4.07E-17,-1.16E-11,-2.50E-13,-1.56E-15,0,2.4967e-13,0,0,0,0,288.591,14.7917,-0.0421063,0,14.7918,1,0
692,6.92,2.09846e-05,4.34835,0,1.79143e-05,0.0435626,0.00031124,-8.64E-07,0,0.000311241,6.92,0,0,6.92,1.73841,-0.10498,-4.05E-17,-1.16E-11,-2.51E-13,-6.49E-16,0,2.50716e-13,0,0,0,0,288.591,14.8318,-0.0411978,0,14.8319,1,0
693,6.93,2.09847e-05,4.34837,0,1.79142e-05,0.0436808,0.000312083,-8.45E-07,0,0.000312084,6.93,0,0,6.93,1.73842,-0.104727,-4.03E-17,-1.16E-11,-2.52E-13,2.63192e-16,0,2.51766e-13,0,0,0,0,288.591,14.8719,-0.0402894,0,14.872,1,0
694,6.94,2.09847e-05,4.34839,0,1.79142e-05,0.043799,0.000312925,-8.26E-07,0,0.000312926,6.94,0,0,6.94,1.73842,-0.104474,-4.00E-17,-1.15E-11,-2.53E-13,1.175e-15,0,2.52818e-13,0,0,0,0,288.59,14.912,-0.0393809,0,14.9121,1,0
695,6.95,2.09848e-05,4.34841,0,1.79142e-05,0.0439171,0.000313767,-8.07E-07,0,0.000313768,6.95,0,0,6.95,1.73842,-0.10422,-3.98E-17,-1.15E-11,-2.54E-13,2.08676e-15,0,2.53874e-13,0,0,0,0,288.59,14.9521,-0.0384724,0,14.9522,1,0
696,6.96,2.09849e-05,4.34843,0,1.79142e-05,0.0440353,0.000314609,-7.88E-07,0,0.00031461,6.96,0,0,6.96,1.73843,-0.103967,-3.96E-17,-1.15E-11,-2.55E-13,2.99856e-15,0,2.54934e-13,0,0,0,0,288.59,14.9922,-0.0375639,0,14.9923,1,0
697,6.97,2.09849e-05,4.34845,0,1.79142e-05,0.044149,0.00031542,-7.70E-07,0,0.000315421,6.97,0,0,6.97,1.73843,-0.10374,-3.94E-17,-1.14E-11,-2.56E-13,3.80442e-15,0,2.55737e-13,0,0,0,0,288.589,15.0308,-0.0367127,0,15.0308,1,0
698,6.98,2.09849e-05,4.34845,0,1.79141e-05,0.0441996,0.000315784,-7.69E-07,0,0.000315785,6.98,0,0,6.98,1.73843,-0.103866,-3.94E-17,-1.14E-11,-2.53E-13,3.13449e-15,0,2.52934e-13,0,0,0,0,288.589,15.0482,-0.0366602,0,15.0482,1,0
699,6.99,2.09849e-05,4.34845,0,1.79141e-05,0.0442501,0.000316149,-7.68E-07,0,0.000316149,6.99,0,0,6.99,1.73843,-0.103992,-3.95E-17,-1.13E-11,-2.50E-13,2.46458e-15,0,2.50133e-13,0,0,0,0,288.589,15.0655,-0.0366078,0,15.0656,1,0
700,7,2.09849e-05,4.34846,0,1.79141e-05,0.0443007,0.000316513,-7.67E-07,0,0.000316514,7,0,0,7,1.73843,-0.104119,-3.95E-17,-1.12E-11,-2.47E-13,1.79464e-15,0,2.47333e-13,0,0,0,0,288.589,15.0829,-0.0365553,0,15.0829,1,0
701,7.01,2.09849e-05,4.34846,0,1.79141e-05,0.0443512,0.000316877,-7.66E-07,0,0.000316878,7.01,0,0,7.01,1.73842,-0.104245,-3.96E-17,-1.12E-11,-2.45E-13,1.12471e-15,0,2.44535e-13,0,0,0,0,288.589,15.1003,-0.0365028,0,15.1003,1,0
702,7.02,2.09849e-05,4.34846,0,1.79141e-05,0.0444018,0.000317242,-7.65E-07,0,0.000317243,7.02,0,0,7.02,1.73842,-0.104372,-3.96E-17,-1.11E-11,-2.42E-13,4.54802e-16,0,2.41739e-13,0,0,0,0,288.588,15.1176,-0.0364503,0,15.1177,1,0
703,7.03,2.09849e-05,4.34846,0,1.79141e-05,0.0444523,0.000317606,-7.64E-07,0,0.000317607,7.03,0,0,7.03,1.73842,-0.104498,-3.96E-17,-1.11E-11,-2.39E-13,-2.15E-16,0,2.38945e-13,0,0,0,0,288.588,15.135,-0.0363978,0,15.135,1,0
704,7.04,2.09849e-05,4.34846,0,1.79141e-05,0.0445029,0.00031797,-7.63E-07,0,0.000317971,7.04,0,0,7.04,1.73842,-0.104624,-3.97E-17,-1.10E-11,-2.36E-13,-8.85E-16,0,2.36153e-13,0,0,0,0,288.588,15.1524,-0.0363454,0,15.1524,1,0
705,7.05,2.09849e-05,4.34846,0,1.79141e-05,0.0445535,0.000318335,-7.62E-07,0,0.000318336,7.05,0,0,7.05,1.73842,-0.104751,-3.97E-17,-1.09E-11,-2.33E-13,-1.55E-15,0,2.33362e-13,0,0,0,0,288.588,15.1697,-0.0362929,0,15.1698,1,0
706,7.06,2.09849e-05,4.34847,0,1.79141e-05,0.044604,0.000318699,-7.60E-07,0,0.0003187,7.06,0,0,7.06,1.73842,-0.104877,-3.98E-17,-1.09E-11,-2.31E-13,-2.22E-15,0,2.30574e-13,0,0,0,0,288.588,15.1871,-0.0362404,0,15.1871,1,0
707,7.07,2.09849e-05,4.34847,0,1.79141e-05,0.0446546,0.000319064,-7.59E-07,0,0.000319064,7.07,0,0,7.07,1.73841,-0.105003,-3.98E-17,-1.08E-11,-2.28E-13,-2.89E-15,0,2.27788e-13,0,0,0,0,288.587,15.2045,-0.0361879,0,15.2045,1,0
708,7.08,2.09849e-05,4.34847,0,1.79141e-05,0.0447051,0.000319428,-7.58E-07,0,0.000319429,7.08,0,0,7.08,1.73841,-0.10513,-3.99E-17,-1.07E-11,-2.25E-13,-3.56E-15,0,2.25004e-13,0,0,0,0,288.587,15.2218,-0.0361355,0,15.2219,1,0
709,7.09,2.09849e-05,4.34847,0,1.79141e-05,0.0447557,0.000319792,-7.57E-07,0,0.000319793,7.09,0,0,7.09,1.73841,-0.105256,-3.99E-17,-1.07E-11,-2.22E-13,-4.23E-15,0,2.22222e-13,0,0,0,0,288.587,15.2392,-0.036083,0,15.2392,1,0
710,7.1,2.09848e-05,4.34847,0,1.79141e-05,0.0448062,0.000320157,-7.56E-07,0,0.000320158,7.1,0,0,7.1,1.73841,-0.105382,-3.99E-17,-1.06E-11,-2.19E-13,-4.90E-15,0,2.19443e-13,0,0,0,0,288.587,15.2566,-0.0360305,0,15.2566,1,0
711,7.11,2.09848e-05,4.34847,0,1.7914e-05,0.0448568,0.000320521,-7.55E-07,0,0.000320522,7.11,0,0,7.11,1.73841,-0.105509,-4.00E-17,-1.06E-11,-2.17E-13,-5.57E-15,0,2.16665e-13,0,0,0,0,288.587,15.2739,-0.035978,0,15.274,1,0
712,7.12,2.09848e-05,4.34848,0,1.7914e-05,0.0449074,0.000320885,-7.54E-07,0,0.000320886,7.12,0,0,7.12,1.73841,-0.105635,-4.00E-17,-1.05E-11,-2.14E-13,-6.24E-15,0,2.13891e-13,0,0,0,0,288.587,15.2913,-0.0359255,0,15.2913,1,0
713,7.13,2.09848e-05,4.34848,0,1.7914e-05,0.0449579,0.00032125,-7.53E-07,0,0.000321251,7.13,0,0,7.13,1.73841,-0.105762,-4.01E-17,-1.04E-11,-2.11E-13,-6.91E-15,0,2.11119e-13,0,0,0,0,288.586,15.3087,-0.0358731,0,15.3087,1,0
714,7.14,2.09848e-05,4.34848,0,1.7914e-05,0.0450085,0.000321614,-7.52E-07,0,0.000321615,7.14,0,0,7.14,1.7384,-0.105888,-4.01E-17,-1.04E-11,-2.08E-13,-7.58E-15,0,2.0835e-13,0,0,0,0,288.586,15.326,-0.0358206,0,15.3261,1,0
715,7.15,2.09848e-05,4.34848,0,1.7914e-05,0.0450776,0.000322109,-7.53E-07,0,0.00032211,7.15,0,0,7.15,1.7384,-0.106049,-4.02E-17,-1.03E-11,-2.05E-13,-8.25E-15,0,2.05524e-13,0,0,0,0,288.586,15.3496,-0.0359008,0,15.3497,1,0
716,7.16,2.09848e-05,4.34849,0,1.7914e-05,0.0451844,0.00032287,-7.61E-07,0,0.000322871,7.16,0,0,7.16,1.7384,-0.10628,-4.03E-17,-1.03E-11,-2.02E-13,-8.92E-15,0,2.02581e-13,0,0,0,0,288.585,15.3859,-0.0362517,0,15.3859,1,0
717,7.17,2.09848e-05,4.34849,0,1.7914e-05,0.0452913,0.00032363,-7.68E-07,0,0.000323631,7.17,0,0,7.17,1.7384,-0.106511,-4.04E-17,-1.02E-11,-1.99E-13,-9.58E-15,0,1.9964e-13,0,0,0,0,288.585,15.4221,-0.0366025,0,15.4222,1,0
718,7.18,2.09848e-05,4.3485,0,1.79139e-05,0.0453982,0.000324391,-7.75E-07,0,0.000324392,7.18,0,0,7.18,1.73839,-0.106742,-4.05E-17,-1.02E-11,-1.96E-13,-1.02E-14,0,1.96703e-13,0,0,0,0,288.584,15.4584,-0.0369533,0,15.4584,1,0
719,7.19,2.09848e-05,4.3485,0,1.79139e-05,0.0455051,0.000325152,-7.83E-07,0,0.000325153,7.19,0,0,7.19,1.73839,-0.106973,-4.07E-17,-1.02E-11,-1.93E-13,-1.09E-14,0,1.93769e-13,0,0,0,0,288.584,15.4946,-0.0373042,0,15.4947,1,0
720,7.2,2.09848e-05,4.34851,0,1.79139e-05,0.0456119,0.000325913,-7.90E-07,0,0.000325914,7.2,0,0,7.2,1.73839,-0.107204,-4.08E-17,-1.01E-11,-1.90E-13,-1.16E-14,0,1.90839e-13,0,0,0,0,288.583,15.5309,-0.037655,0,15.5309,1,0
721,7.21,2.09848e-05,4.34851,0,1.79139e-05,0.0457188,0.000326673,-7.97E-07,0,0.000326674,7.21,0,0,7.21,1.73838,-0.107435,-4.09E-17,-1.01E-11,-1.88E-13,-1.22E-14,0,1.87912e-13,0,0,0,0,288.583,15.5671,-0.0380058,0,15.5672,1,0
722,7.22,2.09848e-05,4.34852,0,1.79138e-05,0.0458257,0.000327434,-8.05E-07,0,0.000327435,7.22,0,0,7.22,1.73838,-0.107666,-4.10E-17,-1.01E-11,-1.85E-13,-1.29E-14,0,1.8499e-13,0,0,0,0,288.582,15.6034,-0.0383566,0,15.6034,1,0
723,7.23,2.09848e-05,4.34852,0,1.79138e-05,0.0459325,0.000328195,-8.12E-07,0,0.000328196,7.23,0,0,7.23,1.73838,-0.107897,-4.11E-17,-1.00E-11,-1.82E-13,-1.36E-14,0,1.82071e-13,0,0,0,0,288.582,15.6396,-0.0387075,0,15.6397,1,0
724,7.24,2.09848e-05,4.34853,0,1.79138e-05,0.0460394,0.000328956,-8.19E-07,0,0.000328957,7.24,0,0,7.24,1.73838,-0.108128,-4.12E-17,-9.98E-12,-1.79E-13,-1.42E-14,0,1.79157e-13,0,0,0,0,288.581,15.6759,-0.0390583,0,15.6759,1,0
725,7.25,2.09848e-05,4.34853,0,1.79138e-05,0.0461463,0.000329716,-8.27E-07,0,0.000329717,7.25,0,0,7.25,1.73837,-0.108359,-4.13E-17,-9.94E-12,-1.76E-13,-1.49E-14,0,1.76248e-13,0,0,0,0,288.581,15.7121,-0.0394091,0,15.7122,1,0
726,7.26,2.09849e-05,4.34854,0,1.79137e-05,0.0462532,0.000330477,-8.34E-07,0,0.000330478,7.26,0,0,7.26,1.73837,-0.10859,-4.15E-17,-9.91E-12,-1.73E-13,-1.56E-14,0,1.73343e-13,0,0,0,0,288.58,15.7484,-0.03976,0,15.7484,1,0
727,7.27,2.09849e-05,4.34854,0,1.79137e-05,0.04636,0.000331238,-8.42E-07,0,0.000331239,7.27,0,0,7.27,1.73837,-0.108821,-4.16E-17,-9.87E-12,-1.70E-13,-1.62E-14,0,1.70443e-13,0,0,0,0,288.58,15.7846,-0.0401108,0,15.7847,1,0
728,7.28,2.09849e-05,4.34855,0,1.79137e-05,0.0464669,0.000331999,-8.49E-07,0,0.000332,7.28,0,0,7.28,1.73837,-0.109052,-4.17E-17,-9.83E-12,-1.67E-13,-1.69E-14,0,1.67548e-13,0,0,0,0,288.579,15.8209,-0.0404616,0,15.8209,1,0
729,7.29,2.09849e-05,4.34855,0,1.79137e-05,0.0465738,0.000332759,-8.56E-07,0,0.00033276,7.29,0,0,7.29,1.73836,-0.109283,-4.18E-17,-9.79E-12,-1.64E-13,-1.76E-14,0,1.64659e-13,0,0,0,0,288.579,15.8571,-0.0408124,0,15.8572,1,0
730,7.3,2.09849e-05,4.34856,0,1.79136e-05,0.0466807,0.00033352,-8.64E-07,0,0.000333521,7.3,0,0,7.3,1.73836,-0.109514,-4.19E-17,-9.75E-12,-1.61E-13,-1.82E-14,0,1.61776e-13,0,0,0,0,288.578,15.8934,-0.0411633,0,15.8934,1,0
731,7.31,2.09849e-05,4.34856,0,1.79136e-05,0.0467875,0.000334281,-8.71E-07,0,0.000334282,7.31,0,0,7.31,1.73836,-0.109745,-4.20E-17,-9.72E-12,-1.58E-13,-1.89E-14,0,1.58898e-13,0,0,0,0,288.578,15.9296,-0.0415141,0,15.9297,1,0
732,7.32,2.09849e-05,4.34857,0,1.79136e-05,0.0468944,0.000335042,-8.78E-07,0,0.000335043,7.32,0,0,7.32,1.73835,-0.109976,-4.22E-17,-9.68E-12,-1.55E-13,-1.96E-14,0,1.56028e-13,0,0,0,0,288.577,15.9659,-0.0418649,0,15.9659,1,0
733,7.33,2.09849e-05,4.34857,0,1.79136e-05,0.0470013,0.000335802,-8.86E-07,0,0.000335803,7.33,0,0,7.33,1.73835,-0.110207,-4.23E-17,-9.64E-12,-1.52E-13,-2.02E-14,0,1.53164e-13,0,0,0,0,288.577,16.0021,-0.0422157,0,16.0022,1,0
734,7.34,2.09849e-05,4.34858,0,1.79135e-05,0.0471081,0.000336563,-8.93E-07,0,0.000336564,7.34,0,0,7.34,1.73835,-0.110438,-4.24E-17,-9.60E-12,-1.49E-13,-2.09E-14,0,1.50307e-13,0,0,0,0,288.576,16.0384,-0.0425666,0,16.0384,1,0
735,7.35,2.09849e-05,4.34858,0,1.79135e-05,0.047215,0.000337324,-9.00E-07,0,0.000337325,7.35,0,0,7.35,1.73835,-0.110669,-4.25E-17,-9.56E-12,-1.46E-13,-2.16E-14,0,1.47458e-13,0,0,0,0,288.576,16.0746,-0.0429174,0,16.0747,1,0
736,7.36,2.09849e-05,4.34859,0,1.79135e-05,0.0473219,0.000338085,-9.08E-07,0,0.000338086,7.36,0,0,7.36,1.73834,-0.110901,-4.26E-17,-9.53E-12,-1.43E-13,-2.22E-14,0,1.44617e-13,0,0,0,0,288.575,16.1109,-0.0432682,0,16.1109,1,0
737,7.37,2.09849e-05,4.34859,0,1.79135e-05,0.0474288,0.000338845,-9.15E-07,0,0.000338846,7.37,0,0,7.37,1.73834,-0.111132,-4.27E-17,-9.49E-12,-1.40E-13,-2.29E-14,0,1.41785e-13,0,0,0,0,288.575,16.1471,-0.0436191,0,16.1472,1,0
738,7.38,2.09849e-05,4.3486,0,1.79134e-05,0.0475356,0.000339606,-9.22E-07,0,0.000339607,7.38,0,0,7.38,1.73834,-0.111363,-4.29E-17,-9.45E-12,-1.37E-13,-2.36E-14,0,1.38962e-13,0,0,0,0,288.574,16.1834,-0.0439699,0,16.1834,1,0
739,7.39,2.09849e-05,4.3486,0,1.79134e-05,0.0476425,0.000340367,-9.30E-07,0,0.000340368,7.39,0,0,7.39,1.73833,-0.111594,-4.30E-17,-9.41E-12,-1.34E-13,-2.42E-14,0,1.36149e-13,0,0,0,0,288.574,16.2196,-0.0443207,0,16.2197,1,0
740,7.4,2.09849e-05,4.34861,0,1.79134e-05,0.0477494,0.000341128,-9.37E-07,0,0.000341129,7.4,0,0,7.4,1.73833,-0.111825,-4.31E-17,-9.37E-12,-1.31E-13,-2.49E-14,0,1.33346e-13,0,0,0,0,288.573,16.2559,-0.0446716,0,16.2559,1,0
741,7.41,2.09849e-05,4.34861,0,1.79134e-05,0.0478562,0.000341888,-9.45E-07,0,0.00034189,7.41,0,0,7.41,1.73833,-0.112056,-4.32E-17,-9.34E-12,-1.28E-13,-2.56E-14,0,1.30554e-13,0,0,0,0,288.573,16.2921,-0.0450224,0,16.2922,1,0
742,7.42,2.09849e-05,4.34862,0,1.79133e-05,0.0479631,0.000342649,-9.52E-07,0,0.00034265,7.42,0,0,7.42,1.73833,-0.112287,-4.33E-17,-9.30E-12,-1.25E-13,-2.62E-14,0,1.27773e-13,0,0,0,0,288.572,16.3284,-0.0453732,0,16.3284,1,0
743,7.43,2.09849e-05,4.34862,0,1.79133e-05,0.04807,0.00034341,-9.59E-07,0,0.000343411,7.43,0,0,7.43,1.73832,-0.112518,-4.34E-17,-9.26E-12,-1.22E-13,-2.69E-14,0,1.25005e-13,0,0,0,0,288.572,16.3646,-0.045724,0,16.3647,1,0
744,7.44,2.09849e-05,4.34863,0,1.79133e-05,0.0481769,0.00034417,-9.67E-07,0,0.000344172,7.44,0,0,7.44,1.73832,-0.112749,-4.35E-17,-9.22E-12,-1.19E-13,-2.76E-14,0,1.22251e-13,0,0,0,0,288.571,16.4009,-0.0460749,0,16.4009,1,0
745,7.45,2.09849e-05,4.34863,0,1.79133e-05,0.0482384,0.000344612,-9.70E-07,0,0.000344613,7.45,0,0,7.45,1.73832,-0.112806,-4.35E-17,-9.21E-12,-1.19E-13,-2.71E-14,0,1.22002e-13,0,0,0,0,288.571,16.4219,-0.0462286,0,16.422,1,0
746,7.46,2.09849e-05,4.34864,0,1.79133e-05,0.0482865,0.000344958,-9.72E-07,0,0.00034496,7.46,0,0,7.46,1.73832,-0.112811,-4.34E-17,-9.21E-12,-1.20E-13,-2.64E-14,0,1.22505e-13,0,0,0,0,288.571,16.4384,-0.0463234,0,16.4384,1,0
747,7.47,2.09849e-05,4.34864,0,1.79133e-05,0.0483345,0.000345304,-9.74E-07,0,0.000345306,7.47,0,0,7.47,1.73832,-0.112816,-4.33E-17,-9.20E-12,-1.20E-13,-2.56E-14,0,1.23014e-13,0,0,0,0,288.571,16.4549,-0.0464182,0,16.4549,1,0
748,7.48,2.09849e-05,4.34865,0,1.79133e-05,0.0483825,0.000345651,-9.76E-07,0,0.000345652,7.48,0,0,7.48,1.73832,-0.112821,-4.32E-17,-9.20E-12,-1.21E-13,-2.49E-14,0,1.2353e-13,0,0,0,0,288.571,16.4714,-0.046513,0,16.4714,1,0
749,7.49,2.09849e-05,4.34865,0,1.79133e-05,0.0484306,0.000345997,-9.78E-07,0,0.000345998,7.49,0,0,7.49,1.73832,-0.112826,-4.31E-17,-9.20E-12,-1.22E-13,-2.41E-14,0,1.24052e-13,0,0,0,0,288.571,16.4879,-0.0466078,0,16.4879,1,0
750,7.5,2.09849e-05,4.34866,0,1.79133e-05,0.0484786,0.000346343,-9.80E-07,0,0.000346344,7.5,0,0,7.5,1.73832,-0.112831,-4.29E-17,-9.20E-12,-1.22E-13,-2.34E-14,0,1.2458e-13,0,0,0,0,288.571,16.5044,-0.0467026,0,16.5044,1,0
751,7.51,2.09849e-05,4.34867,0,1.79133e-05,0.0485266,0.000346689,-9.82E-07,0,0.000346691,7.51,0,0,7.51,1.73832,-0.112836,-4.28E-17,-9.19E-12,-1.23E-13,-2.26E-14,0,1.25114e-13,0,0,0,0,288.571,16.5208,-0.0467974,0,16.5209,1,0
752,7.52,2.09849e-05,4.34867,0,1.79133e-05,0.0485747,0.000347035,-9.84E-07,0,0.000347037,7.52,0,0,7.52,1.73832,-0.112841,-4.27E-17,-9.19E-12,-1.24E-13,-2.18E-14,0,1.25654e-13,0,0,0,0,288.571,16.5373,-0.0468922,0,16.5374,1,0
753,7.53,2.0985e-05,4.34868,0,1.79133e-05,0.0486227,0.000347382,-9.86E-07,0,0.000347383,7.53,0,0,7.53,1.73832,-0.112846,-4.26E-17,-9.19E-12,-1.24E-13,-2.11E-14,0,1.262e-13,0,0,0,0,288.57,16.5538,-0.046987,0,16.5539,1,0
754,7.54,2.0985e-05,4.34868,0,1.79132e-05,0.0486707,0.000347728,-9.88E-07,0,0.000347729,7.54,0,0,7.54,1.73832,-0.112851,-4.25E-17,-9.18E-12,-1.25E-13,-2.03E-14,0,1.26752e-13,0,0,0,0,288.57,16.5703,-0.0470818,0,16.5704,1,0
755,7.55,2.0985e-05,4.34869,0,1.79132e-05,0.0487188,0.000348074,-9.90E-07,0,0.000348075,7.55,0,0,7.55,1.73832,-0.112856,-4.24E-17,-9.18E-12,-1.26E-13,-1.96E-14,0,1.2731e-13,0,0,0,0,288.57,16.5868,-0.0471766,0,16.5869,1,0
756,7.56,2.0985e-05,4.34869,0,1.79132e-05,0.0487668,0.00034842,-9.92E-07,0,0.000348422,7.56,0,0,7.56,1.73832,-0.11286,-4.23E-17,-9.18E-12,-1.26E-13,-1.88E-14,0,1.27873e-13,0,0,0,0,288.57,16.6033,-0.0472714,0,16.6034,1,0
757,7.57,2.0985e-05,4.3487,0,1.79132e-05,0.0488148,0.000348766,-9.94E-07,0,0.000348768,7.57,0,0,7.57,1.73832,-0.112865,-4.22E-17,-9.17E-12,-1.27E-13,-1.81E-14,0,1.28443e-13,0,0,0,0,288.57,16.6198,-0.0473662,0,16.6199,1,0
758,7.58,2.0985e-05,4.3487,0,1.79132e-05,0.0488628,0.000349113,-9.96E-07,0,0.000349114,7.58,0,0,7.58,1.73832,-0.11287,-4.21E-17,-9.17E-12,-1.28E-13,-1.73E-14,0,1.29017e-13,0,0,0,0,288.57,16.6363,-0.047461,0,16.6364,1,0
759,7.59,2.0985e-05,4.34871,0,1.79132e-05,0.0489109,0.000349459,-9.98E-07,0,0.00034946,7.59,0,0,7.59,1.73832,-0.112875,-4.20E-17,-9.17E-12,-1.29E-13,-1.66E-14,0,1.29597e-13,0,0,0,0,288.57,16.6528,-0.0475558,0,16.6529,1,0
760,7.6,2.0985e-05,4.34872,0,1.79132e-05,0.0489589,0.000349805,-1.00E-06,0,0.000349806,7.6,0,0,7.6,1.73832,-0.11288,-4.19E-17,-9.16E-12,-1.29E-13,-1.58E-14,0,1.30183e-13,0,0,0,0,288.57,16.6693,-0.0476506,0,16.6693,1,0
761,7.61,2.0985e-05,4.34872,0,1.79132e-05,0.0490069,0.000350151,-1.00E-06,0,0.000350153,7.61,0,0,7.61,1.73832,-0.112885,-4.17E-17,-9.16E-12,-1.30E-13,-1.50E-14,0,1.30774e-13,0,0,0,0,288.57,16.6858,-0.0477454,0,16.6858,1,0
762,7.62,2.0985e-05,4.34873,0,1.79132e-05,0.049055,0.000350497,-1.00E-06,0,0.000350499,7.62,0,0,7.62,1.73832,-0.11289,-4.16E-17,-9.16E-12,-1.31E-13,-1.43E-14,0,1.3137e-13,0,0,0,0,288.57,16.7023,-0.0478402,0,16.7023,1,0
763,7.63,2.0985e-05,4.34873,0,1.79132e-05,0.049103,0.000350844,-1.01E-06,0,0.000350845,7.63,0,0,7.63,1.73832,-0.112895,-4.15E-17,-9.16E-12,-1.31E-13,-1.35E-14,0,1.31971e-13,0,0,0,0,288.569,16.7188,-0.047935,0,16.7188,1,0
764,7.64,2.0985e-05,4.34874,0,1.79132e-05,0.049151,0.00035119,-1.01E-06,0,0.000351191,7.64,0,0,7.64,1.73832,-0.1129,-4.14E-17,-9.15E-12,-1.32E-13,-1.28E-14,0,1.32577e-13,0,0,0,0,288.569,16.7352,-0.0480298,0,16.7353,1,0
765,7.65,2.0985e-05,4.34874,0,1.79132e-05,0.0491991,0.000351536,-1.01E-06,0,0.000351537,7.65,0,0,7.65,1.73832,-0.112905,-4.13E-17,-9.15E-12,-1.33E-13,-1.20E-14,0,1.33189e-13,0,0,0,0,288.569,16.7517,-0.0481246,0,16.7518,1,0
766,7.66,2.0985e-05,4.34875,0,1.79132e-05,0.0492471,0.000351882,-1.01E-06,0,0.000351884,7.66,0,0,7.66,1.73832,-0.11291,-4.12E-17,-9.15E-12,-1.33E-13,-1.13E-14,0,1.33805e-13,0,0,0,0,288.569,16.7682,-0.0482194,0,16.7683,1,0
767,7.67,2.0985e-05,4.34875,0,1.79132e-05,0.0492951,0.000352228,-1.01E-06,0,0.00035223,7.67,0,0,7.67,1.73832,-0.112915,-4.11E-17,-9.14E-12,-1.34E-13,-1.05E-14,0,1.34427e-13,0,0,0,0,288.569,16.7847,-0.0483142,0,16.7848,1,0
768,7.68,2.0985e-05,4.34876,0,1.79132e-05,0.0493432,0.000352575,-1.02E-06,0,0.000352576,7.68,0,0,7.68,1.73832,-0.11292,-4.10E-17,-9.14E-12,-1.35E-13,-9.75E-15,0,1.35053e-13,0,0,0,0,288.569,16.8012,-0.048409,0,16.8013,1,0
769,7.69,2.09851e-05,4.34877,0,1.79132e-05,0.0493912,0.000352921,-1.02E-06,0,0.000352922,7.69,0,0,7.69,1.73832,-0.112925,-4.09E-17,-9.14E-12,-1.35E-13,-9.00E-15,0,1.35684e-13,0,0,0,0,288.569,16.8177,-0.0485038,0,16.8178,1,0
770,7.7,2.09851e-05,4.34877,0,1.79132e-05,0.0494392,0.000353267,-1.02E-06,0,0.000353269,7.7,0,0,7.7,1.73832,-0.11293,-4.08E-17,-9.13E-12,-1.36E-13,-8.24E-15,0,1.36319e-13,0,0,0,0,288.569,16.8342,-0.0485986,0,16.8343,1,0
771,7.71,2.09851e-05,4.34878,0,1.79132e-05,0.0494873,0.000353613,-1.02E-06,0,0.000353615,7.71,0,0,7.71,1.73832,-0.112935,-4.06E-17,-9.13E-12,-1.37E-13,-7.49E-15,0,1.3696e-13,0,0,0,0,288.569,16.8507,-0.0486934,0,16.8508,1,0
772,7.72,2.09851e-05,4.34878,0,1.79132e-05,0.0495353,0.000353959,-1.02E-06,0,0.000353961,7.72,0,0,7.72,1.73832,-0.11294,-4.05E-17,-9.13E-12,-1.37E-13,-6.73E-15,0,1.37604e-13,0,0,0,0,288.569,16.8672,-0.0487882,0,16.8673,1,0
773,7.73,2.09851e-05,4.34879,0,1.79132e-05,0.049602,0.000354438,-1.02E-06,0,0.000354439,7.73,0,0,7.73,1.73832,-0.112869,-4.04E-17,-9.12E-12,-1.38E-13,-5.92E-15,0,1.383e-13,0,0,0,0,288.568,16.89,-0.0484569,0,16.89,1,0
774,7.74,2.09852e-05,4.34881,0,1.79131e-05,0.0497054,0.000355175,-9.92E-07,0,0.000355177,7.74,0,0,7.74,1.73832,-0.112649,-4.03E-17,-9.12E-12,-1.39E-13,-5.01E-15,0,1.39091e-13,0,0,0,0,288.568,16.9251,-0.0472893,0,16.9251,1,0
775,7.75,2.09852e-05,4.34883,0,1.79131e-05,0.0498089,0.000355913,-9.68E-07,0,0.000355914,7.75,0,0,7.75,1.73832,-0.11243,-4.02E-17,-9.12E-12,-1.40E-13,-4.09E-15,0,1.39889e-13,0,0,0,0,288.568,16.9602,-0.0461216,0,16.9602,1,0
776,7.76,2.09853e-05,4.34885,0,1.79131e-05,0.0499123,0.000356651,-9.43E-07,0,0.000356652,7.76,0,0,7.76,1.73833,-0.11221,-4.00E-17,-9.11E-12,-1.41E-13,-3.18E-15,0,1.40693e-13,0,0,0,0,288.567,16.9953,-0.044954,0,16.9953,1,0
777,7.77,2.09853e-05,4.34887,0,1.79131e-05,0.0500157,0.000357388,-9.19E-07,0,0.00035739,7.77,0,0,7.77,1.73833,-0.11199,-3.99E-17,-9.11E-12,-1.41E-13,-2.27E-15,0,1.41504e-13,0,0,0,0,288.567,17.0304,-0.0437864,0,17.0304,1,0
778,7.78,2.09854e-05,4.34889,0,1.79131e-05,0.0501191,0.000358126,-8.94E-07,0,0.000358127,7.78,0,0,7.78,1.73833,-0.11177,-3.98E-17,-9.11E-12,-1.42E-13,-1.35E-15,0,1.4232e-13,0,0,0,0,288.566,17.0655,-0.0426187,0,17.0655,1,0
779,7.79,2.09855e-05,4.34891,0,1.7913e-05,0.0502226,0.000358864,-8.70E-07,0,0.000358865,7.79,0,0,7.79,1.73833,-0.111551,-3.96E-17,-9.10E-12,-1.43E-13,-4.39E-16,0,1.43142e-13,0,0,0,0,288.566,17.1005,-0.0414511,0,17.1006,1,0
780,7.8,2.09855e-05,4.34893,0,1.7913e-05,0.050326,0.000359601,-8.46E-07,0,0.000359602,7.8,0,0,7.8,1.73834,-0.111331,-3.95E-17,-9.10E-12,-1.44E-13,4.74063e-16,0,1.43971e-13,0,0,0,0,288.566,17.1356,-0.0402834,0,17.1357,1,0
781,7.81,2.09856e-05,4.34895,0,1.7913e-05,0.0504294,0.000360339,-8.21E-07,0,0.00036034,7.81,0,0,7.81,1.73834,-0.111111,-3.94E-17,-9.09E-12,-1.45E-13,1.38756e-15,0,1.44805e-13,0,0,0,0,288.565,17.1707,-0.0391158,0,17.1708,1,0
782,7.82,2.09857e-05,4.34897,0,1.7913e-05,0.0505328,0.000361077,-7.97E-07,0,0.000361078,7.82,0,0,7.82,1.73834,-0.110891,-3.92E-17,-9.09E-12,-1.46E-13,2.30111e-15,0,1.45644e-13,0,0,0,0,288.565,17.2058,-0.0379482,0,17.2059,1,0
783,7.83,2.09857e-05,4.34899,0,1.7913e-05,0.0506362,0.000361814,-7.72E-07,0,0.000361815,7.83,0,0,7.83,1.73835,-0.110672,-3.91E-17,-9.09E-12,-1.46E-13,3.21461e-15,0,1.4649e-13,0,0,0,0,288.564,17.2409,-0.0367806,0,17.241,1,0
784,7.84,2.09858e-05,4.34901,0,1.79129e-05,0.0507397,0.000362552,-7.48E-07,0,0.000362553,7.84,0,0,7.84,1.73835,-0.110452,-3.90E-17,-9.08E-12,-1.47E-13,4.12815e-15,0,1.4734e-13,0,0,0,0,288.564,17.276,-0.0356129,0,17.2761,1,0
785,7.85,2.09858e-05,4.34903,0,1.79129e-05,0.0508431,0.00036329,-7.23E-07,0,0.00036329,7.85,0,0,7.85,1.73835,-0.110232,-3.88E-17,-9.08E-12,-1.48E-13,5.04165e-15,0,1.48196e-13,0,0,0,0,288.564,17.3111,-0.0344453,0,17.3112,1,0
786,7.86,2.09859e-05,4.34905,0,1.79129e-05,0.0509465,0.000364027,-6.99E-07,0,0.000364028,7.86,0,0,7.86,1.73835,-0.110012,-3.87E-17,-9.08E-12,-1.49E-13,5.95519e-15,0,1.49058e-13,0,0,0,0,288.563,17.3462,-0.0332777,0,17.3463,1,0
787,7.87,2.0986e-05,4.34907,0,1.79129e-05,0.0510499,0.000364765,-6.74E-07,0,0.000364765,7.87,0,0,7.87,1.73836,-0.109793,-3.86E-17,-9.07E-12,-1.50E-13,6.86869e-15,0,1.49924e-13,0,0,0,0,288.563,17.3813,-0.0321101,0,17.3814,1,0
788,7.88,2.0986e-05,4.34908,0,1.79129e-05,0.0511533,0.000365503,-6.50E-07,0,0.000365503,7.88,0,0,7.88,1.73836,-0.109573,-3.84E-17,-9.07E-12,-1.51E-13,7.78223e-15,0,1.50796e-13,0,0,0,0,288.562,17.4164,-0.0309424,0,17.4165,1,0
789,7.89,2.09861e-05,4.3491,0,1.79128e-05,0.0512568,0.00036624,-6.25E-07,0,0.000366241,7.89,0,0,7.89,1.73836,-0.109353,-3.83E-17,-9.06E-12,-1.51E-13,8.69573e-15,0,1.51672e-13,0,0,0,0,288.562,17.4515,-0.0297748,0,17.4516,1,0
790,7.9,2.09861e-05,4.34912,0,1.79128e-05,0.0513602,0.000366978,-6.01E-07,0,0.000366978,7.9,0,0,7.9,1.73836,-0.109133,-3.82E-17,-9.06E-12,-1.52E-13,9.60928e-15,0,1.52554e-13,0,0,0,0,288.562,17.4866,-0.0286072,0,17.4867,1,0
791,7.91,2.09862e-05,4.34914,0,1.79128e-05,0.0514636,0.000367715,-5.76E-07,0,0.000367716,7.91,0,0,7.91,1.73837,-0.108914,-3.80E-17,-9.06E-12,-1.53E-13,1.05228e-14,0,1.53441e-13,0,0,0,0,288.561,17.5217,-0.0274396,0,17.5217,1,0
792,7.92,2.09862e-05,4.34915,0,1.79128e-05,0.0515053,0.000368016,-5.72E-07,0,0.000368016,7.92,0,0,7.92,1.73837,-0.108992,-3.78E-17,-8.98E-12,-1.51E-13,1.02451e-14,0,1.51625e-13,0,0,0,0,288.561,17.5361,-0.027209,0,17.5361,1,0
793,7.93,2.09862e-05,4.34915,0,1.79128e-05,0.0515443,0.000368297,-5.68E-07,0,0.000368297,7.93,0,0,7.93,1.73836,-0.109084,-3.76E-17,-8.90E-12,-1.49E-13,9.91285e-15,0,1.49686e-13,0,0,0,0,288.561,17.5494,-0.0270214,0,17.5494,1,0
794,7.94,2.09862e-05,4.34915,0,1.79128e-05,0.0515832,0.000368577,-5.64E-07,0,0.000368578,7.94,0,0,7.94,1.73836,-0.109176,-3.74E-17,-8.82E-12,-1.47E-13,9.58055e-15,0,1.47747e-13,0,0,0,0,288.561,17.5628,-0.0268338,0,17.5628,1,0
795,7.95,2.09862e-05,4.34915,0,1.79128e-05,0.0516221,0.000368858,-5.60E-07,0,0.000368858,7.95,0,0,7.95,1.73836,-0.109269,-3.71E-17,-8.74E-12,-1.46E-13,9.24827e-15,0,1.45808e-13,0,0,0,0,288.561,17.5762,-0.0266462,0,17.5762,1,0
796,7.96,2.09862e-05,4.34915,0,1.79128e-05,0.051661,0.000369138,-5.56E-07,0,0.000369138,7.96,0,0,7.96,1.73836,-0.109361,-3.69E-17,-8.66E-12,-1.44E-13,8.91597e-15,0,1.4387e-13,0,0,0,0,288.561,17.5895,-0.0264586,0,17.5896,1,0
797,7.97,2.09862e-05,4.34916,0,1.79128e-05,0.0517,0.000369419,-5.52E-07,0,0.000369419,7.97,0,0,7.97,1.73836,-0.109453,-3.67E-17,-8.58E-12,-1.42E-13,8.58369e-15,0,1.41932e-13,0,0,0,0,288.56,17.6029,-0.026271,0,17.6029,1,0
798,7.98,2.09862e-05,4.34916,0,1.79128e-05,0.0517389,0.000369699,-5.48E-07,0,0.0003697,7.98,0,0,7.98,1.73836,-0.109545,-3.64E-17,-8.50E-12,-1.40E-13,8.25139e-15,0,1.39994e-13,0,0,0,0,288.56,17.6163,-0.0260834,0,17.6163,1,0
799,7.99,2.09862e-05,4.34916,0,1.79128e-05,0.0517778,0.00036998,-5.44E-07,0,0.00036998,7.99,0,0,7.99,1.73836,-0.109637,-3.62E-17,-8.42E-12,-1.38E-13,7.9191e-15,0,1.38057e-13,0,0,0,0,288.56,17.6297,-0.0258958,0,17.6297,1,0
800,8,2.09862e-05,4.34916,0,1.79128e-05,0.0518167,0.00037026,-5.40E-07,0,0.000370261,8,0,0,8,1.73836,-0.10973,-3.60E-17,-8.34E-12,-1.36E-13,7.58681e-15,0,1.3612e-13,0,0,0,0,288.56,17.643,-0.0257082,0,17.643,1,0
801,8.01,2.09862e-05,4.34917,0,1.79128e-05,0.0518557,0.000370541,-5.36E-07,0,0.000370541,8.01,0,0,8.01,1.73836,-0.109822,-3.57E-17,-8.26E-12,-1.34E-13,7.25451e-15,0,1.34183e-13,0,0,0,0,288.56,17.6564,-0.0255206,0,17.6564,1,0
802,8.02,2.09862e-05,4.34917,0,1.79127e-05,0.0518946,0.000370821,-5.32E-07,0,0.000370822,8.02,0,0,8.02,1.73835,-0.109914,-3.55E-17,-8.18E-12,-1.32E-13,6.92221e-15,0,1.32247e-13,0,0,0,0,288.56,17.6698,-0.025333,0,17.6698,1,0
803,8.03,2.09861e-05,4.34917,0,1.79127e-05,0.0519335,0.000371102,-5.28E-07,0,0.000371102,8.03,0,0,8.03,1.73835,-0.110006,-3.53E-17,-8.10E-12,-1.30E-13,6.58994e-15,0,1.30311e-13,0,0,0,0,288.56,17.6831,-0.0251454,0,17.6832,1,0
804,8.04,2.09861e-05,4.34917,0,1.79127e-05,0.0519724,0.000371382,-5.24E-07,0,0.000371383,8.04,0,0,8.04,1.73835,-0.110098,-3.51E-17,-8.02E-12,-1.28E-13,6.25764e-15,0,1.28376e-13,0,0,0,0,288.56,17.6965,-0.0249578,0,17.6965,1,0
805,8.05,2.09861e-05,4.34917,0,1.79127e-05,0.0520114,0.000371663,-5.20E-07,0,0.000371663,8.05,0,0,8.05,1.73835,-0.110191,-3.48E-17,-7.94E-12,-1.26E-13,5.92534e-15,0,1.2644e-13,0,0,0,0,288.56,17.7099,-0.0247702,0,17.7099,1,0
806,8.06,2.09861e-05,4.34918,0,1.79127e-05,0.0520503,0.000371943,-5.16E-07,0,0.000371944,8.06,0,0,8.06,1.73835,-0.110283,-3.46E-17,-7.86E-12,-1.24E-13,5.59304e-15,0,1.24506e-13,0,0,0,0,288.559,17.7233,-0.0245826,0,17.7233,1,0
807,8.07,2.09861e-05,4.34918,0,1.79127e-05,0.0520892,0.000372224,-5.12E-07,0,0.000372224,8.07,0,0,8.07,1.73835,-0.110375,-3.44E-17,-7.78E-12,-1.22E-13,5.26078e-15,0,1.22572e-13,0,0,0,0,288.559,17.7366,-0.0243951,0,17.7366,1,0
808,8.08,2.09862e-05,4.3492,0,1.79127e-05,0.0521877,0.000372926,-5.18E-07,0,0.000372926,8.08,0,0,8.08,1.73835,-0.110293,-3.42E-17,-7.71E-12,-1.20E-13,4.73722e-15,0,1.20314e-13,0,0,0,0,288.559,17.77,-0.0246714,0,17.7701,1,0
809,8.09,2.09862e-05,4.34921,0,1.79127e-05,0.0522877,0.000373638,-5.24E-07,0,0.000373638,8.09,0,0,8.09,1.73835,-0.110207,-3.41E-17,-7.64E-12,-1.18E-13,4.20928e-15,0,1.18051e-13,0,0,0,0,288.558,17.8039,-0.0249584,0,17.8039,1,0
810,8.1,2.09863e-05,4.34923,0,1.79126e-05,0.0523876,0.000374349,-5.30E-07,0,0.00037435,8.1,0,0,8.1,1.73835,-0.110122,-3.40E-17,-7.57E-12,-1.16E-13,3.68134e-15,0,1.15789e-13,0,0,0,0,288.558,17.8378,-0.0252453,0,17.8378,1,0
811,8.11,2.09863e-05,4.34924,0,1.79126e-05,0.0524875,0.000375061,-5.36E-07,0,0.000375061,8.11,0,0,8.11,1.73835,-0.110036,-3.38E-17,-7.50E-12,-1.13E-13,3.15345e-15,0,1.13529e-13,0,0,0,0,288.557,17.8716,-0.0255323,0,17.8717,1,0
812,8.12,2.09864e-05,4.34926,0,1.79126e-05,0.0525874,0.000375773,-5.42E-07,0,0.000375773,8.12,0,0,8.12,1.73835,-0.10995,-3.37E-17,-7.43E-12,-1.11E-13,2.6255e-15,0,1.11271e-13,0,0,0,0,288.557,17.9055,-0.0258193,0,17.9055,1,0
813,8.13,2.09864e-05,4.34927,0,1.79126e-05,0.0526873,0.000376484,-5.48E-07,0,0.000376485,8.13,0,0,8.13,1.73836,-0.109865,-3.36E-17,-7.36E-12,-1.09E-13,2.09756e-15,0,1.09015e-13,0,0,0,0,288.556,17.9394,-0.0261062,0,17.9394,1,0
814,8.14,2.09865e-05,4.34929,0,1.79126e-05,0.0527872,0.000377196,-5.54E-07,0,0.000377196,8.14,0,0,8.14,1.73836,-0.109779,-3.34E-17,-7.29E-12,-1.07E-13,1.56962e-15,0,1.06761e-13,0,0,0,0,288.556,17.9733,-0.0263932,0,17.9733,1,0
815,8.15,2.09865e-05,4.3493,0,1.79125e-05,0.0528871,0.000377908,-5.60E-07,0,0.000377908,8.15,0,0,8.15,1.73836,-0.109693,-3.33E-17,-7.22E-12,-1.05E-13,1.04173e-15,0,1.0451e-13,0,0,0,0,288.555,18.0071,-0.0266802,0,18.0071,1,0
816,8.16,2.09866e-05,4.34932,0,1.79125e-05,0.052987,0.000378619,-5.66E-07,0,0.00037862,8.16,0,0,8.16,1.73836,-0.109607,-3.32E-17,-7.15E-12,-1.02E-13,5.13786e-16,0,1.02261e-13,0,0,0,0,288.555,18.041,-0.0269671,0,18.041,1,0
817,8.17,2.09866e-05,4.34934,0,1.79125e-05,0.0530869,0.000379331,-5.72E-07,0,0.000379332,8.17,0,0,8.17,1.73836,-0.109522,-3.30E-17,-7.08E-12,-1.00E-13,-1.42E-17,0,1.00014e-13,0,0,0,0,288.554,18.0749,-0.0272541,0,18.0749,1,0
818,8.18,2.09867e-05,4.34935,0,1.79125e-05,0.0531868,0.000380043,-5.78E-07,0,0.000380043,8.18,0,0,8.18,1.73836,-0.109436,-3.29E-17,-7.01E-12,-9.78E-14,-5.42E-16,0,9.77702e-14,0,0,0,0,288.554,18.1087,-0.0275411,0,18.1088,1,0
819,8.19,2.09867e-05,4.34937,0,1.79124e-05,0.0532868,0.000380755,-5.84E-07,0,0.000380755,8.19,0,0,8.19,1.73836,-0.10935,-3.28E-17,-6.94E-12,-9.55E-14,-1.07E-15,0,9.55296e-14,0,0,0,0,288.553,18.1426,-0.027828,0,18.1426,1,0
820,8.2,2.09868e-05,4.34938,0,1.79124e-05,0.0533867,0.000381466,-5.90E-07,0,0.000381467,8.2,0,0,8.2,1.73836,-0.109265,-3.26E-17,-6.87E-12,-9.33E-14,-1.60E-15,0,9.3292e-14,0,0,0,0,288.553,18.1765,-0.028115,0,18.1765,1,0
821,8.21,2.09868e-05,4.3494,0,1.79124e-05,0.0534866,0.000382178,-5.96E-07,0,0.000382179,8.21,0,0,8.21,1.73836,-0.109179,-3.25E-17,-6.80E-12,-9.10E-14,-2.13E-15,0,9.10579e-14,0,0,0,0,288.552,18.2104,-0.028402,0,18.2104,1,0
822,8.22,2.09869e-05,4.34941,0,1.79124e-05,0.0535865,0.00038289,-6.02E-07,0,0.00038289,8.22,0,0,8.22,1.73836,-0.109093,-3.24E-17,-6.73E-12,-8.88E-14,-2.65E-15,0,8.88274e-14,0,0,0,0,288.552,18.2442,-0.028689,0,18.2442,1,0
823,8.23,2.09869e-05,4.34943,0,1.79123e-05,0.0536864,0.000383601,-6.08E-07,0,0.000383602,8.23,0,0,8.23,1.73837,-0.109007,-3.22E-17,-6.66E-12,-8.65E-14,-3.18E-15,0,8.66012e-14,0,0,0,0,288.551,18.2781,-0.0289759,0,18.2781,1,0
824,8.24,2.09869e-05,4.34944,0,1.79123e-05,0.0537863,0.000384313,-6.14E-07,0,0.000384314,8.24,0,0,8.24,1.73837,-0.108922,-3.21E-17,-6.59E-12,-8.43E-14,-3.71E-15,0,8.4379e-14,0,0,0,0,288.551,18.312,-0.0292629,0,18.312,1,0
825,8.25,2.0987e-05,4.34946,0,1.79123e-05,0.0538862,0.000385025,-6.20E-07,0,0.000385025,8.25,0,0,8.25,1.73837,-0.108836,-3.20E-17,-6.52E-12,-8.21E-14,-4.24E-15,0,8.21615e-14,0,0,0,0,288.55,18.3458,-0.0295499,0,18.3459,1,0
826,8.26,2.0987e-05,4.34948,0,1.79123e-05,0.0539861,0.000385737,-6.26E-07,0,0.000385737,8.26,0,0,8.26,1.73837,-0.10875,-3.18E-17,-6.45E-12,-7.98E-14,-4.77E-15,0,7.9949e-14,0,0,0,0,288.55,18.3797,-0.0298368,0,18.3797,1,0
827,8.27,2.09871e-05,4.34949,0,1.79122e-05,0.054086,0.000386448,-6.32E-07,0,0.000386449,8.27,0,0,8.27,1.73837,-0.108664,-3.17E-17,-6.38E-12,-7.76E-14,-5.29E-15,0,7.7742e-14,0,0,0,0,288.549,18.4136,-0.0301238,0,18.4136,1,0
828,8.28,2.09871e-05,4.34951,0,1.79122e-05,0.0541859,0.00038716,-6.38E-07,0,0.000387161,8.28,0,0,8.28,1.73837,-0.108579,-3.16E-17,-6.31E-12,-7.53E-14,-5.82E-15,0,7.55412e-14,0,0,0,0,288.549,18.4474,-0.0304108,0,18.4475,1,0
829,8.29,2.09872e-05,4.34952,0,1.79122e-05,0.0542859,0.000387872,-6.44E-07,0,0.000387872,8.29,0,0,8.29,1.73837,-0.108493,-3.14E-17,-6.24E-12,-7.31E-14,-6.35E-15,0,7.33466e-14,0,0,0,0,288.548,18.4813,-0.0306977,0,18.4813,1,0
830,8.3,2.09872e-05,4.34954,0,1.79122e-05,0.0543858,0.000388583,-6.50E-07,0,0.000388584,8.3,0,0,8.3,1.73837,-0.108407,-3.13E-17,-6.17E-12,-7.08E-14,-6.88E-15,0,7.11591e-14,0,0,0,0,288.548,18.5152,-0.0309847,0,18.5152,1,0
831,8.31,2.09873e-05,4.34955,0,1.79122e-05,0.0544857,0.000389295,-6.56E-07,0,0.000389296,8.31,0,0,8.31,1.73837,-0.108322,-3.12E-17,-6.10E-12,-6.86E-14,-7.41E-15,0,6.89793e-14,0,0,0,0,288.548,18.5491,-0.0312717,0,18.5491,1,0
832,8.32,2.09873e-05,4.34957,0,1.79121e-05,0.0545856,0.000390007,-6.62E-07,0,0.000390007,8.32,0,0,8.32,1.73838,-0.108236,-3.10E-17,-6.03E-12,-6.63E-14,-7.93E-15,0,6.68083e-14,0,0,0,0,288.547,18.5829,-0.0315586,0,18.583,1,0
833,8.33,2.09874e-05,4.34959,0,1.79121e-05,0.0546855,0.000390719,-6.68E-07,0,0.000390719,8.33,0,0,8.33,1.73838,-0.10815,-3.09E-17,-5.96E-12,-6.41E-14,-8.46E-15,0,6.46464e-14,0,0,0,0,288.547,18.6168,-0.0318456,0,18.6168,1,0
834,8.34,2.09874e-05,4.3496,0,1.79121e-05,0.0547854,0.00039143,-6.74E-07,0,0.000391431,8.34,0,0,8.34,1.73838,-0.108064,-3.08E-17,-5.89E-12,-6.18E-14,-8.99E-15,0,6.24949e-14,0,0,0,0,288.546,18.6507,-0.0321326,0,18.6507,1,0
835,8.35,2.09875e-05,4.34962,0,1.79121e-05,0.0548853,0.000392142,-6.80E-07,0,0.000392143,8.35,0,0,8.35,1.73838,-0.107979,-3.07E-17,-5.82E-12,-5.96E-14,-9.52E-15,0,6.03549e-14,0,0,0,0,288.546,18.6845,-0.0324196,0,18.6846,1,0
836,8.36,2.09875e-05,4.34963,0,1.7912e-05,0.0549852,0.000392854,-6.86E-07,0,0.000392854,8.36,0,0,8.36,1.73838,-0.107893,-3.05E-17,-5.76E-12,-5.74E-14,-1.00E-14,0,5.82277e-14,0,0,0,0,288.545,18.7184,-0.0327065,0,18.7184,1,0
837,8.37,2.09876e-05,4.34965,0,1.7912e-05,0.0550851,0.000393565,-6.92E-07,0,0.000393566,8.37,0,0,8.37,1.73838,-0.107807,-3.04E-17,-5.69E-12,-5.51E-14,-1.06E-14,0,5.61145e-14,0,0,0,0,288.545,18.7523,-0.0329935,0,18.7523,1,0
838,8.38,2.09876e-05,4.34966,0,1.7912e-05,0.0551851,0.000394277,-6.98E-07,0,0.000394278,8.38,0,0,8.38,1.73838,-0.107722,-3.03E-17,-5.62E-12,-5.29E-14,-1.11E-14,0,5.40171e-14,0,0,0,0,288.544,18.7861,-0.0332805,0,18.7862,1,0
839,8.39,2.09877e-05,4.34968,0,1.7912e-05,0.055285,0.000394989,-7.04E-07,0,0.00039499,8.39,0,0,8.39,1.73838,-0.107636,-3.01E-17,-5.55E-12,-5.06E-14,-1.16E-14,0,5.19374e-14,0,0,0,0,288.544,18.82,-0.0335674,0,18.8201,1,0
840,8.4,2.09877e-05,4.34969,0,1.79119e-05,0.0553849,0.000395701,-7.10E-07,0,0.000395701,8.4,0,0,8.4,1.73838,-0.10755,-3.00E-17,-5.48E-12,-4.84E-14,-1.22E-14,0,4.98779e-14,0,0,0,0,288.543,18.8539,-0.0338544,0,18.8539,1,0
841,8.41,2.09878e-05,4.34971,0,1.79119e-05,0.0554848,0.000396412,-7.16E-07,0,0.000396413,8.41,0,0,8.41,1.73838,-0.107464,-2.99E-17,-5.41E-12,-4.61E-14,-1.27E-14,0,4.78408e-14,0,0,0,0,288.543,18.8878,-0.0341414,0,18.8878,1,0
842,8.42,2.09878e-05,4.34973,0,1.79119e-05,0.0555847,0.000397124,-7.22E-07,0,0.000397125,8.42,0,0,8.42,1.73839,-0.107379,-2.97E-17,-5.34E-12,-4.39E-14,-1.32E-14,0,4.58291e-14,0,0,0,0,288.542,18.9216,-0.0344283,0,18.9217,1,0
843,8.43,2.09879e-05,4.34974,0,1.79119e-05,0.0556846,0.000397836,-7.28E-07,0,0.000397836,8.43,0,0,8.43,1.73839,-0.107293,-2.96E-17,-5.27E-12,-4.16E-14,-1.37E-14,0,4.38465e-14,0,0,0,0,288.542,18.9555,-0.0347153,0,18.9555,1,0
844,8.44,2.09879e-05,4.34976,0,1.79118e-05,0.0557845,0.000398547,-7.34E-07,0,0.000398548,8.44,0,0,8.44,1.73839,-0.107207,-2.95E-17,-5.20E-12,-3.94E-14,-1.43E-14,0,4.18973e-14,0,0,0,0,288.541,18.9894,-0.0350023,0,18.9894,1,0
845,8.45,2.0988e-05,4.34977,0,1.79118e-05,0.0558652,0.000399124,-7.39E-07,0,0.000399124,8.45,0,0,8.45,1.73839,-0.107085,-2.94E-17,-5.15E-12,-3.79E-14,-1.45E-14,0,4.05822e-14,0,0,0,0,288.541,19.0168,-0.035205,0,19.0168,1,0
846,8.46,2.0988e-05,4.34978,0,1.79118e-05,0.0558976,0.000399359,-7.38E-07,0,0.000399359,8.46,0,0,8.46,1.73839,-0.106873,-2.94E-17,-5.16E-12,-3.84E-14,-1.39E-14,0,4.07917e-14,0,0,0,0,288.541,19.028,-0.0351955,0,19.028,1,0
847,8.47,2.0988e-05,4.34979,0,1.79118e-05,0.05593,0.000399594,-7.38E-07,0,0.000399594,8.47,0,0,8.47,1.73839,-0.10666,-2.93E-17,-5.17E-12,-3.88E-14,-1.33E-14,0,4.10138e-14,0,0,0,0,288.541,19.0391,-0.0351861,0,19.0392,1,0
848,8.48,2.0988e-05,4.3498,0,1.79118e-05,0.0559624,0.000399828,-7.38E-07,0,0.000399829,8.48,0,0,8.48,1.7384,-0.106447,-2.93E-17,-5.18E-12,-3.93E-14,-1.27E-14,0,4.12485e-14,0,0,0,0,288.541,19.0503,-0.0351766,0,19.0503,1,0
849,8.49,2.09881e-05,4.34982,0,1.79118e-05,0.0559948,0.000400063,-7.38E-07,0,0.000400064,8.49,0,0,8.49,1.7384,-0.106235,-2.93E-17,-5.19E-12,-3.97E-14,-1.21E-14,0,4.14956e-14,0,0,0,0,288.541,19.0615,-0.0351672,0,19.0615,1,0
850,8.5,2.09881e-05,4.34983,0,1.79118e-05,0.0560271,0.000400298,-7.38E-07,0,0.000400299,8.5,0,0,8.5,1.7384,-0.106022,-2.93E-17,-5.20E-12,-4.02E-14,-1.15E-14,0,4.17547e-14,0,0,0,0,288.541,19.0726,-0.0351577,0,19.0727,1,0
851,8.51,2.09881e-05,4.34984,0,1.79118e-05,0.0560595,0.000400533,-7.38E-07,0,0.000400534,8.51,0,0,8.51,1.7384,-0.105809,-2.93E-17,-5.21E-12,-4.06E-14,-1.08E-14,0,4.20257e-14,0,0,0,0,288.541,19.0838,-0.0351482,0,19.0838,1,0
852,8.52,2.09881e-05,4.34985,0,1.79118e-05,0.0560919,0.000400768,-7.37E-07,0,0.000400769,8.52,0,0,8.52,1.73841,-0.105596,-2.93E-17,-5.22E-12,-4.10E-14,-1.02E-14,0,4.23084e-14,0,0,0,0,288.541,19.095,-0.0351388,0,19.095,1,0
853,8.53,2.09882e-05,4.34986,0,1.79119e-05,0.0561243,0.000401003,-7.37E-07,0,0.000401004,8.53,0,0,8.53,1.73841,-0.105384,-2.93E-17,-5.23E-12,-4.15E-14,-9.64E-15,0,4.26024e-14,0,0,0,0,288.541,19.1061,-0.0351293,0,19.1062,1,0
854,8.54,2.09882e-05,4.34987,0,1.79119e-05,0.0561567,0.000401238,-7.37E-07,0,0.000401239,8.54,0,0,8.54,1.73841,-0.105171,-2.93E-17,-5.24E-12,-4.19E-14,-9.03E-15,0,4.29077e-14,0,0,0,0,288.541,19.1173,-0.0351199,0,19.1173,1,0
855,8.55,2.09882e-05,4.34988,0,1.79119e-05,0.0561891,0.000401473,-7.37E-07,0,0.000401474,8.55,0,0,8.55,1.73842,-0.104958,-2.93E-17,-5.24E-12,-4.24E-14,-8.43E-15,0,4.32239e-14,0,0,0,0,288.541,19.1285,-0.0351104,0,19.1285,1,0
856,8.56,2.09882e-05,4.34989,0,1.79119e-05,0.0562214,0.000401708,-7.37E-07,0,0.000401709,8.56,0,0,8.56,1.73842,-0.104746,-2.93E-17,-5.25E-12,-4.28E-14,-7.82E-15,0,4.35508e-14,0,0,0,0,288.542,19.1397,-0.035101,0,19.1397,1,0
857,8.57,2.09883e-05,4.3499,0,1.79119e-05,0.0562538,0.000401943,-7.36E-07,0,0.000401944,8.57,0,0,8.57,1.73842,-0.104533,-2.93E-17,-5.26E-12,-4.33E-14,-7.22E-15,0,4.38881e-14,0,0,0,0,288.542,19.1508,-0.0350915,0,19.1509,1,0
858,8.58,2.09883e-05,4.34991,0,1.79119e-05,0.0562862,0.000402178,-7.36E-07,0,0.000402179,8.58,0,0,8.58,1.73842,-0.10432,-2.92E-17,-5.27E-12,-4.37E-14,-6.62E-15,0,4.42357e-14,0,0,0,0,288.542,19.162,-0.0350821,0,19.162,1,0
859,8.59,2.09883e-05,4.34993,0,1.79119e-05,0.0563186,0.000402413,-7.36E-07,0,0.000402414,8.59,0,0,8.59,1.73843,-0.104108,-2.92E-17,-5.28E-12,-4.42E-14,-6.01E-15,0,4.45933e-14,0,0,0,0,288.542,19.1732,-0.0350726,0,19.1732,1,0
860,8.6,2.09884e-05,4.34994,0,1.79119e-05,0.056351,0.000402648,-7.36E-07,0,0.000402648,8.6,0,0,8.6,1.73843,-0.103895,-2.92E-17,-5.29E-12,-4.46E-14,-5.41E-15,0,4.49607e-14,0,0,0,0,288.542,19.1843,-0.0350632,0,19.1844,1,0
861,8.61,2.09884e-05,4.34995,0,1.79119e-05,0.0563834,0.000402883,-7.36E-07,0,0.000402883,8.61,0,0,8.61,1.73843,-0.103682,-2.92E-17,-5.30E-12,-4.51E-14,-4.80E-15,0,4.53375e-14,0,0,0,0,288.542,19.1955,-0.0350537,0,19.1955,1,0
862,8.62,2.09884e-05,4.34996,0,1.79119e-05,0.0564157,0.000403118,-7.35E-07,0,0.000403118,8.62,0,0,8.62,1.73843,-0.103469,-2.92E-17,-5.31E-12,-4.55E-14,-4.20E-15,0,4.57236e-14,0,0,0,0,288.542,19.2067,-0.0350443,0,19.2067,1,0
863,8.63,2.09884e-05,4.34997,0,1.79119e-05,0.0564481,0.000403353,-7.35E-07,0,0.000403353,8.63,0,0,8.63,1.73844,-0.103257,-2.92E-17,-5.32E-12,-4.60E-14,-3.59E-15,0,4.61188e-14,0,0,0,0,288.542,19.2178,-0.0350348,0,19.2179,1,0
864,8.64,2.09885e-05,4.34998,0,1.79119e-05,0.0564805,0.000403588,-7.35E-07,0,0.000403588,8.64,0,0,8.64,1.73844,-0.103044,-2.92E-17,-5.33E-12,-4.64E-14,-2.99E-15,0,4.65228e-14,0,0,0,0,288.542,19.229,-0.0350254,0,19.229,1,0
865,8.65,2.09885e-05,4.34999,0,1.79119e-05,0.0565129,0.000403823,-7.35E-07,0,0.000403823,8.65,0,0,8.65,1.73844,-0.102831,-2.92E-17,-5.34E-12,-4.69E-14,-2.38E-15,0,4.69354e-14,0,0,0,0,288.542,19.2402,-0.0350159,0,19.2402,1,0
866,8.66,2.09885e-05,4.35,0,1.79119e-05,0.0565453,0.000404057,-7.35E-07,0,0.000404058,8.66,0,0,8.66,1.73844,-0.102619,-2.92E-17,-5.35E-12,-4.73E-14,-1.78E-15,0,4.73563e-14,0,0,0,0,288.542,19.2513,-0.0350065,0,19.2514,1,0
867,8.67,2.09885e-05,4.35001,0,1.79119e-05,0.0565776,0.000404292,-7.34E-07,0,0.000404293,8.67,0,0,8.67,1.73845,-0.102406,-2.92E-17,-5.36E-12,-4.78E-14,-1.17E-15,0,4.77854e-14,0,0,0,0,288.542,19.2625,-0.034997,0,19.2625,1,0
868,8.68,2.09886e-05,4.35002,0,1.79119e-05,0.05661,0.000404527,-7.34E-07,0,0.000404528,8.68,0,0,8.68,1.73845,-0.102193,-2.91E-17,-5.37E-12,-4.82E-14,-5.70E-16,0,4.82224e-14,0,0,0,0,288.542,19.2737,-0.0349876,0,19.2737,1,0
869,8.69,2.09886e-05,4.35003,0,1.79119e-05,0.0566424,0.000404762,-7.34E-07,0,0.000404763,8.69,0,0,8.69,1.73845,-0.101981,-2.91E-17,-5.38E-12,-4.87E-14,3.42004e-17,0,4.86671e-14,0,0,0,0,288.542,19.2849,-0.0349781,0,19.2849,1,0
870,8.7,2.09886e-05,4.35005,0,1.79119e-05,0.0566748,0.000404997,-7.34E-07,0,0.000404998,8.7,0,0,8.7,1.73845,-0.101768,-2.91E-17,-5.39E-12,-4.91E-14,6.38735e-16,0,4.91193e-14,0,0,0,0,288.542,19.296,-0.0349686,0,19.2961,1,0
871,8.71,2.09886e-05,4.35006,0,1.79119e-05,0.0567072,0.000405232,-7.34E-07,0,0.000405233,8.71,0,0,8.71,1.73846,-0.101555,-2.91E-17,-5.40E-12,-4.96E-14,1.24327e-15,0,4.95789e-14,0,0,0,0,288.542,19.3072,-0.0349592,0,19.3072,1,0
872,8.72,2.09887e-05,4.35007,0,1.79119e-05,0.0567396,0.000405467,-7.33E-07,0,0.000405468,8.72,0,0,8.72,1.73846,-0.101342,-2.91E-17,-5.41E-12,-5.00E-14,1.8478e-15,0,5.00455e-14,0,0,0,0,288.543,19.3184,-0.0349497,0,19.3184,1,0
873,8.73,2.09887e-05,4.35008,0,1.79119e-05,0.0567719,0.000405702,-7.33E-07,0,0.000405703,8.73,0,0,8.73,1.73846,-0.10113,-2.91E-17,-5.41E-12,-5.05E-14,2.45228e-15,0,5.0519e-14,0,0,0,0,288.543,19.3295,-0.0349403,0,19.3296,1,0
874,8.74,2.09887e-05,4.35009,0,1.79119e-05,0.0568043,0.000405937,-7.33E-07,0,0.000405938,8.74,0,0,8.74,1.73846,-0.100917,-2.91E-17,-5.42E-12,-5.09E-14,3.05682e-15,0,5.09992e-14,0,0,0,0,288.543,19.3407,-0.0349308,0,19.3407,1,0
875,8.75,2.09888e-05,4.3501,0,1.79119e-05,0.0568367,0.000406172,-7.33E-07,0,0.000406173,8.75,0,0,8.75,1.73847,-0.100704,-2.91E-17,-5.43E-12,-5.14E-14,3.66135e-15,0,5.14859e-14,0,0,0,0,288.543,19.3519,-0.0349214,0,19.3519,1,0
876,8.76,2.09888e-05,4.35011,0,1.79119e-05,0.0568691,0.000406407,-7.33E-07,0,0.000406408,8.76,0,0,8.76,1.73847,-0.100492,-2.91E-17,-5.44E-12,-5.18E-14,4.26589e-15,0,5.1979e-14,0,0,0,0,288.543,19.363,-0.0349119,0,19.3631,1,0
877,8.77,2.09888e-05,4.35012,0,1.79119e-05,0.0569015,0.000406642,-7.32E-07,0,0.000406643,8.77,0,0,8.77,1.73847,-0.100279,-2.91E-17,-5.45E-12,-5.23E-14,4.87042e-15,0,5.24783e-14,0,0,0,0,288.543,19.3742,-0.0349025,0,19.3742,1,0
878,8.78,2.09888e-05,4.35013,0,1.79119e-05,0.0569339,0.000406877,-7.32E-07,0,0.000406877,8.78,0,0,8.78,1.73847,-0.100066,-2.91E-17,-5.46E-12,-5.27E-14,5.4749e-15,0,5.29834e-14,0,0,0,0,288.543,19.3854,-0.034893,0,19.3854,1,0
879,8.79,2.09889e-05,4.35014,0,1.79119e-05,0.0569662,0.000407112,-7.32E-07,0,0.000407112,8.79,0,0,8.79,1.73848,-0.0998535,-2.90E-17,-5.47E-12,-5.31E-14,6.07943e-15,0,5.34945e-14,0,0,0,0,288.543,19.3965,-0.0348836,0,19.3966,1,0
880,8.8,2.09889e-05,4.35015,0,1.79119e-05,0.0569986,0.000407347,-7.32E-07,0,0.000407347,8.8,0,0,8.8,1.73848,-0.0996408,-2.90E-17,-5.48E-12,-5.36E-14,6.68397e-15,0,5.40112e-14,0,0,0,0,288.543,19.4077,-0.0348741,0,19.4077,1,0
881,8.81,2.09889e-05,4.35017,0,1.79119e-05,0.057031,0.000407582,-7.32E-07,0,0.000407582,8.81,0,0,8.81,1.73848,-0.0994281,-2.90E-17,-5.49E-12,-5.40E-14,7.2885e-15,0,5.45333e-14,0,0,0,0,288.543,19.4189,-0.0348647,0,19.4189,1,0
882,8.82,2.09889e-05,4.35018,0,1.79119e-05,0.0570634,0.000407817,-7.31E-07,0,0.000407817,8.82,0,0,8.82,1.73849,-0.0992154,-2.90E-17,-5.50E-12,-5.45E-14,7.89298e-15,0,5.50608e-14,0,0,0,0,288.543,19.4301,-0.0348552,0,19.4301,1,0
883,8.83,2.0989e-05,4.35019,0,1.79119e-05,0.0570958,0.000408052,-7.31E-07,0,0.000408052,8.83,0,0,8.83,1.73849,-0.0990027,-2.90E-17,-5.51E-12,-5.49E-14,8.49751e-15,0,5.55935e-14,0,0,0,0,288.543,19.4412,-0.0348458,0,19.4413,1,0
884,8.84,2.0989e-05,4.3502,0,1.79119e-05,0.0571626,0.00040853,-7.19E-07,0,0.000408531,8.84,0,0,8.84,1.73849,-0.0988756,-2.90E-17,-5.52E-12,-5.54E-14,9.10205e-15,0,5.61312e-14,0,0,0,0,288.543,19.464,-0.034274,0,19.464,1,0
885,8.85,2.0989e-05,4.35022,0,1.79119e-05,0.0572512,0.000409162,-7.00E-07,0,0.000409162,8.85,0,0,8.85,1.73849,-0.0988025,-2.90E-17,-5.53E-12,-5.58E-14,9.70658e-15,0,5.66738e-14,0,0,0,0,288.542,19.494,-0.0333475,0,19.4941,1,0
886,8.86,2.09891e-05,4.35023,0,1.79119e-05,0.0573397,0.000409794,-6.80E-07,0,0.000409794,8.86,0,0,8.86,1.73849,-0.0987294,-2.90E-17,-5.54E-12,-5.63E-14,1.03111e-14,0,5.72211e-14,0,0,0,0,288.542,19.5241,-0.0324211,0,19.5241,1,0
887,8.87,2.09891e-05,4.35025,0,1.79119e-05,0.0574283,0.000410426,-6.61E-07,0,0.000410426,8.87,0,0,8.87,1.73849,-0.0986564,-2.90E-17,-5.55E-12,-5.67E-14,1.09156e-14,0,5.77731e-14,0,0,0,0,288.542,19.5542,-0.0314946,0,19.5542,1,0
888,8.88,2.09892e-05,4.35026,0,1.79118e-05,0.0575169,0.000411057,-6.42E-07,0,0.000411058,8.88,0,0,8.88,1.73849,-0.0985833,-2.90E-17,-5.56E-12,-5.72E-14,1.15201e-14,0,5.83296e-14,0,0,0,0,288.541,19.5842,-0.030568,0,19.5843,1,0
889,8.89,2.09892e-05,4.35028,0,1.79118e-05,0.0576054,0.000411689,-6.22E-07,0,0.00041169,8.89,0,0,8.89,1.73849,-0.0985102,-2.90E-17,-5.57E-12,-5.76E-14,1.21247e-14,0,5.88904e-14,0,0,0,0,288.541,19.6143,-0.0296415,0,19.6143,1,0
890,8.9,2.09893e-05,4.35029,0,1.79118e-05,0.057694,0.000412321,-6.03E-07,0,0.000412322,8.9,0,0,8.9,1.73849,-0.0984371,-2.89E-17,-5.58E-12,-5.81E-14,1.27291e-14,0,5.94554e-14,0,0,0,0,288.54,19.6444,-0.0287151,0,19.6444,1,0
891,8.91,2.09893e-05,4.3503,0,1.79118e-05,0.0577825,0.000412953,-5.83E-07,0,0.000412954,8.91,0,0,8.91,1.7385,-0.0983641,-2.89E-17,-5.58E-12,-5.85E-14,1.33337e-14,0,6.00245e-14,0,0,0,0,288.54,19.6744,-0.0277885,0,19.6744,1,0
892,8.92,2.09894e-05,4.35032,0,1.79117e-05,0.0578711,0.000413585,-5.64E-07,0,0.000413585,8.92,0,0,8.92,1.7385,-0.098291,-2.89E-17,-5.59E-12,-5.90E-14,1.39382e-14,0,6.05977e-14,0,0,0,0,288.539,19.7045,-0.026862,0,19.7045,1,0
893,8.93,2.09894e-05,4.35033,0,1.79117e-05,0.0579597,0.000414217,-5.44E-07,0,0.000414217,8.93,0,0,8.93,1.7385,-0.0982179,-2.89E-17,-5.60E-12,-5.94E-14,1.45427e-14,0,6.11748e-14,0,0,0,0,288.539,19.7346,-0.0259355,0,19.7346,1,0
894,8.94,2.09895e-05,4.35035,0,1.79117e-05,0.0580482,0.000414849,-5.25E-07,0,0.000414849,8.94,0,0,8.94,1.7385,-0.0981449,-2.89E-17,-5.61E-12,-5.99E-14,1.51472e-14,0,6.17555e-14,0,0,0,0,288.538,19.7646,-0.025009,0,19.7646,1,0
895,8.95,2.09895e-05,4.35036,0,1.79117e-05,0.0581368,0.000415481,-5.06E-07,0,0.000415481,8.95,0,0,8.95,1.7385,-0.0980718,-2.89E-17,-5.62E-12,-6.03E-14,1.57518e-14,0,6.234e-14,0,0,0,0,288.538,19.7947,-0.0240825,0,19.7947,1,0
896,8.96,2.09895e-05,4.35038,0,1.79117e-05,0.0582254,0.000416113,-4.86E-07,0,0.000416113,8.96,0,0,8.96,1.7385,-0.0979987,-2.89E-17,-5.63E-12,-6.08E-14,1.63563e-14,0,6.29281e-14,0,0,0,0,288.537,19.8247,-0.023156,0,19.8248,1,0
897,8.97,2.09896e-05,4.35039,0,1.79116e-05,0.0583139,0.000416745,-4.67E-07,0,0.000416745,8.97,0,0,8.97,1.7385,-0.0979256,-2.89E-17,-5.64E-12,-6.12E-14,1.69608e-14,0,6.35196e-14,0,0,0,0,288.537,19.8548,-0.0222295,0,19.8548,1,0
898,8.98,2.09896e-05,4.35041,0,1.79116e-05,0.0583993,0.000417354,-4.49E-07,0,0.000417354,8.98,0,0,8.98,1.7385,-0.0978706,-2.89E-17,-5.65E-12,-6.16E-14,1.75187e-14,0,6.40059e-14,0,0,0,0,288.536,19.8838,-0.0213625,0,19.8838,1,0
899,8.99,2.09896e-05,4.35041,0,1.79116e-05,0.0584352,0.000417612,-4.50E-07,0,0.000417612,8.99,0,0,8.99,1.7385,-0.0981008,-2.87E-17,-5.58E-12,-6.03E-14,1.73415e-14,0,6.278e-14,0,0,0,0,288.536,19.8961,-0.0214338,0,19.8961,1,0
900,9,2.09896e-05,4.3504,0,1.79116e-05,0.0584711,0.000417869,-4.51E-07,0,0.000417869,9,0,0,9,1.7385,-0.098331,-2.85E-17,-5.51E-12,-5.91E-14,1.71642e-14,0,6.15546e-14,0,0,0,0,288.536,19.9084,-0.0215052,0,19.9084,1,0
901,9.01,2.09896e-05,4.3504,0,1.79116e-05,0.0585069,0.000418127,-4.53E-07,0,0.000418127,9.01,0,0,9.01,1.73849,-0.0985611,-2.83E-17,-5.44E-12,-5.79E-14,1.6987e-14,0,6.03297e-14,0,0,0,0,288.536,19.9207,-0.0215765,0,19.9207,1,0
902,9.02,2.09895e-05,4.3504,0,1.79116e-05,0.0585428,0.000418384,-4.54E-07,0,0.000418384,9.02,0,0,9.02,1.73849,-0.0987913,-2.81E-17,-5.37E-12,-5.67E-14,1.68097e-14,0,5.91053e-14,0,0,0,0,288.536,19.933,-0.0216479,0,19.933,1,0
903,9.03,2.09895e-05,4.3504,0,1.79116e-05,0.0585786,0.000418642,-4.56E-07,0,0.000418642,9.03,0,0,9.03,1.73849,-0.0990214,-2.79E-17,-5.30E-12,-5.54E-14,1.66325e-14,0,5.78815e-14,0,0,0,0,288.536,19.9453,-0.0217192,0,19.9453,1,0
904,9.04,2.09895e-05,4.3504,0,1.79116e-05,0.0586145,0.000418899,-4.57E-07,0,0.000418899,9.04,0,0,9.04,1.73848,-0.0992516,-2.77E-17,-5.24E-12,-5.42E-14,1.64552e-14,0,5.66582e-14,0,0,0,0,288.536,19.9576,-0.0217905,0,19.9576,1,0
905,9.05,2.09895e-05,4.35039,0,1.79116e-05,0.0586503,0.000419157,-4.59E-07,0,0.000419157,9.05,0,0,9.05,1.73848,-0.0994817,-2.75E-17,-5.17E-12,-5.30E-14,1.62779e-14,0,5.54355e-14,0,0,0,0,288.535,19.9699,-0.0218619,0,19.9699,1,0
906,9.06,2.09894e-05,4.35039,0,1.79116e-05,0.0586862,0.000419414,-4.60E-07,0,0.000419414,9.06,0,0,9.06,1.73848,-0.0997119,-2.73E-17,-5.10E-12,-5.18E-14,1.61007e-14,0,5.42134e-14,0,0,0,0,288.535,19.9821,-0.0219332,0,19.9822,1,0
907,9.07,2.09894e-05,4.35039,0,1.79116e-05,0.058722,0.000419672,-4.62E-07,0,0.000419672,9.07,0,0,9.07,1.73848,-0.099942,-2.71E-17,-5.03E-12,-5.05E-14,1.59235e-14,0,5.29922e-14,0,0,0,0,288.535,19.9944,-0.0220046,0,19.9944,1,0
908,9.08,2.09894e-05,4.35039,0,1.79115e-05,0.0587579,0.000419929,-4.63E-07,0,0.000419929,9.08,0,0,9.08,1.73847,-0.100172,-2.69E-17,-4.96E-12,-4.93E-14,1.57462e-14,0,5.17716e-14,0,0,0,0,288.535,20.0067,-0.0220759,0,20.0067,1,0
909,9.09,2.09894e-05,4.35039,0,1.79115e-05,0.0587937,0.000420187,-4.65E-07,0,0.000420187,9.09,0,0,9.09,1.73847,-0.100402,-2.67E-17,-4.89E-12,-4.81E-14,1.55689e-14,0,5.05518e-14,0,0,0,0,288.535,20.019,-0.0221472,0,20.019,1,0
910,9.1,2.09893e-05,4.35039,0,1.79115e-05,0.0588296,0.000420444,-4.66E-07,0,0.000420444,9.1,0,0,9.1,1.73847,-0.100633,-2.65E-17,-4.83E-12,-4.69E-14,1.53917e-14,0,4.93328e-14,0,0,0,0,288.535,20.0313,-0.0222186,0,20.0313,1,0
911,9.11,2.09893e-05,4.35038,0,1.79115e-05,0.0588655,0.000420701,-4.68E-07,0,0.000420702,9.11,0,0,9.11,1.73847,-0.100863,-2.63E-17,-4.76E-12,-4.56E-14,1.52144e-14,0,4.81149e-14,0,0,0,0,288.535,20.0436,-0.0222899,0,20.0436,1,0
912,9.12,2.09893e-05,4.35038,0,1.79115e-05,0.0589013,0.000420959,-4.69E-07,0,0.000420959,9.12,0,0,9.12,1.73846,-0.101093,-2.61E-17,-4.69E-12,-4.44E-14,1.50372e-14,0,4.68979e-14,0,0,0,0,288.534,20.0559,-0.0223613,0,20.0559,1,0
913,9.13,2.09893e-05,4.35038,0,1.79115e-05,0.0589372,0.000421216,-4.71E-07,0,0.000421217,9.13,0,0,9.13,1.73846,-0.101323,-2.59E-17,-4.62E-12,-4.32E-14,1.48599e-14,0,4.5682e-14,0,0,0,0,288.534,20.0682,-0.0224326,0,20.0682,1,0
914,9.14,2.09893e-05,4.35038,0,1.79115e-05,0.058973,0.000421474,-4.72E-07,0,0.000421474,9.14,0,0,9.14,1.73846,-0.101553,-2.57E-17,-4.55E-12,-4.20E-14,1.46827e-14,0,4.44672e-14,0,0,0,0,288.534,20.0805,-0.0225039,0,20.0805,1,0
915,9.15,2.09892e-05,4.35038,0,1.79115e-05,0.0590089,0.000421731,-4.74E-07,0,0.000421732,9.15,0,0,9.15,1.73845,-0.101783,-2.55E-17,-4.48E-12,-4.07E-14,1.45054e-14,0,4.32538e-14,0,0,0,0,288.534,20.0928,-0.0225753,0,20.0928,1,0
916,9.16,2.09892e-05,4.35038,0,1.79115e-05,0.0590881,0.000422296,-4.78E-07,0,0.000422296,9.16,0,0,9.16,1.73845,-0.102081,-2.54E-17,-4.43E-12,-3.93E-14,1.41675e-14,0,4.17874e-14,0,0,0,0,288.533,20.1196,-0.0227596,0,20.1197,1,0
917,9.17,2.09892e-05,4.35038,0,1.79114e-05,0.0591689,0.000422871,-4.82E-07,0,0.000422871,9.17,0,0,9.17,1.73845,-0.102381,-2.53E-17,-4.37E-12,-3.79E-14,1.38236e-14,0,4.03123e-14,0,0,0,0,288.533,20.1471,-0.0229481,0,20.1471,1,0
918,9.18,2.09892e-05,4.35038,0,1.79114e-05,0.0592498,0.000423447,-4.86E-07,0,0.000423447,9.18,0,0,9.18,1.73844,-0.102681,-2.51E-17,-4.31E-12,-3.64E-14,1.34798e-14,0,3.88379e-14,0,0,0,0,288.532,20.1745,-0.0231365,0,20.1745,1,0
919,9.19,2.09892e-05,4.35039,0,1.79114e-05,0.0593306,0.000424022,-4.89E-07,0,0.000424022,9.19,0,0,9.19,1.73844,-0.102982,-2.50E-17,-4.25E-12,-3.50E-14,1.31359e-14,0,3.73645e-14,0,0,0,0,288.532,20.2019,-0.023325,0,20.2019,1,0
920,9.2,2.09892e-05,4.35039,0,1.79114e-05,0.0594114,0.000424598,-4.93E-07,0,0.000424598,9.2,0,0,9.2,1.73844,-0.103282,-2.49E-17,-4.20E-12,-3.35E-14,1.27921e-14,0,3.58919e-14,0,0,0,0,288.531,20.2293,-0.0235134,0,20.2293,1,0
921,9.21,2.09892e-05,4.35039,0,1.79113e-05,0.0594923,0.000425173,-4.97E-07,0,0.000425173,9.21,0,0,9.21,1.73843,-0.103582,-2.47E-17,-4.14E-12,-3.21E-14,1.24482e-14,0,3.44203e-14,0,0,0,0,288.531,20.2568,-0.0237019,0,20.2568,1,0
922,9.22,2.09892e-05,4.3504,0,1.79113e-05,0.0595731,0.000425749,-5.01E-07,0,0.000425749,9.22,0,0,9.22,1.73843,-0.103882,-2.46E-17,-4.08E-12,-3.06E-14,1.21043e-14,0,3.295e-14,0,0,0,0,288.53,20.2842,-0.0238904,0,20.2842,1,0
923,9.23,2.09892e-05,4.3504,0,1.79113e-05,0.0596539,0.000426324,-5.05E-07,0,0.000426324,9.23,0,0,9.23,1.73842,-0.104182,-2.44E-17,-4.02E-12,-2.92E-14,1.17605e-14,0,3.14811e-14,0,0,0,0,288.529,20.3116,-0.0240788,0,20.3116,1,0
924,9.24,2.09892e-05,4.3504,0,1.79113e-05,0.0597347,0.0004269,-5.09E-07,0,0.0004269,9.24,0,0,9.24,1.73842,-0.104483,-2.43E-17,-3.96E-12,-2.78E-14,1.14166e-14,0,3.00136e-14,0,0,0,0,288.529,20.339,-0.0242673,0,20.339,1,0
925,9.25,2.09892e-05,4.3504,0,1.79112e-05,0.0598156,0.000427475,-5.13E-07,0,0.000427475,9.25,0,0,9.25,1.73842,-0.104783,-2.42E-17,-3.91E-12,-2.63E-14,1.10728e-14,0,2.85479e-14,0,0,0,0,288.528,20.3664,-0.0244558,0,20.3665,1,0
926,9.26,2.09892e-05,4.35041,0,1.79112e-05,0.0598964,0.000428051,-5.17E-07,0,0.000428051,9.26,0,0,9.26,1.73841,-0.105083,-2.40E-17,-3.85E-12,-2.49E-14,1.07289e-14,0,2.70843e-14,0,0,0,0,288.528,20.3939,-0.0246443,0,20.3939,1,0
927,9.27,2.09892e-05,4.35041,0,1.79112e-05,0.0599772,0.000428626,-5.21E-07,0,0.000428626,9.27,0,0,9.27,1.73841,-0.105383,-2.39E-17,-3.79E-12,-2.34E-14,1.0385e-14,0,2.56231e-14,0,0,0,0,288.527,20.4213,-0.0248327,0,20.4213,1,0
928,9.28,2.09892e-05,4.35041,0,1.79111e-05,0.0600581,0.000429202,-5.25E-07,0,0.000429202,9.28,0,0,9.28,1.73841,-0.105683,-2.38E-17,-3.73E-12,-2.20E-14,1.00412e-14,0,2.41649e-14,0,0,0,0,288.527,20.4487,-0.0250212,0,20.4487,1,0
929,9.29,2.09892e-05,4.35041,0,1.79111e-05,0.0601389,0.000429777,-5.29E-07,0,0.000429777,9.29,0,0,9.29,1.7384,-0.105984,-2.36E-17,-3.68E-12,-2.05E-14,9.69731e-15,0,2.271e-14,0,0,0,0,288.526,20.4761,-0.0252097,0,20.4761,1,0
930,9.3,2.09892e-05,4.35042,0,1.79111e-05,0.0602197,0.000430353,-5.33E-07,0,0.000430353,9.3,0,0,9.3,1.7384,-0.106284,-2.35E-17,-3.62E-12,-1.91E-14,9.35345e-15,0,2.12593e-14,0,0,0,0,288.525,20.5035,-0.0253981,0,20.5036,1,0
931,9.31,2.09892e-05,4.35042,0,1.79111e-05,0.0603006,0.000430928,-5.37E-07,0,0.000430928,9.31,0,0,9.31,1.7384,-0.106584,-2.33E-17,-3.56E-12,-1.76E-14,9.00958e-15,0,1.98136e-14,0,0,0,0,288.525,20.531,-0.0255866,0,20.531,1,0
932,9.32,2.09892e-05,4.35042,0,1.7911e-05,0.0603814,0.000431504,-5.41E-07,0,0.000431504,9.32,0,0,9.32,1.73839,-0.106884,-2.32E-17,-3.50E-12,-1.62E-14,8.66574e-15,0,1.83743e-14,0,0,0,0,288.524,20.5584,-0.0257751,0,20.5584,1,0
933,9.33,2.09892e-05,4.35043,0,1.7911e-05,0.0604622,0.000432079,-5.45E-07,0,0.000432079,9.33,0,0,9.33,1.73839,-0.107184,-2.31E-17,-3.44E-12,-1.48E-14,8.32187e-15,0,1.69426e-14,0,0,0,0,288.524,20.5858,-0.0259635,0,20.5858,1,0
934,9.34,2.09892e-05,4.35043,0,1.7911e-05,0.0605431,0.000432655,-5.49E-07,0,0.000432655,9.34,0,0,9.34,1.73838,-0.107485,-2.29E-17,-3.39E-12,-1.33E-14,7.978e-15,0,1.5521e-14,0,0,0,0,288.523,20.6132,-0.026152,0,20.6132,1,0
935,9.35,2.09892e-05,4.35043,0,1.79109e-05,0.0606239,0.00043323,-5.53E-07,0,0.00043323,9.35,0,0,9.35,1.73838,-0.107785,-2.28E-17,-3.33E-12,-1.19E-14,7.63414e-15,0,1.41124e-14,0,0,0,0,288.523,20.6406,-0.0263405,0,20.6407,1,0
936,9.36,2.09892e-05,4.35043,0,1.79109e-05,0.0607047,0.000433806,-5.57E-07,0,0.000433806,9.36,0,0,9.36,1.73838,-0.108085,-2.26E-17,-3.27E-12,-1.04E-14,7.2903e-15,0,1.27212e-14,0,0,0,0,288.522,20.6681,-0.0265289,0,20.6681,1,0
937,9.37,2.09892e-05,4.35044,0,1.79109e-05,0.0607855,0.000434381,-5.61E-07,0,0.000434381,9.37,0,0,9.37,1.73837,-0.108385,-2.25E-17,-3.21E-12,-8.98E-15,6.94643e-15,0,1.13535e-14,0,0,0,0,288.521,20.6955,-0.0267174,0,20.6955,1,0
938,9.38,2.09892e-05,4.35044,0,1.79109e-05,0.0608664,0.000434957,-5.65E-07,0,0.000434957,9.38,0,0,9.38,1.73837,-0.108685,-2.24E-17,-3.16E-12,-7.54E-15,6.60256e-15,0,1.00193e-14,0,0,0,0,288.521,20.7229,-0.0269059,0,20.7229,1,0
939,9.39,2.09892e-05,4.35044,0,1.79108e-05,0.0609472,0.000435532,-5.68E-07,0,0.000435532,9.39,0,0,9.39,1.73837,-0.108986,-2.22E-17,-3.10E-12,-6.09E-15,6.2587e-15,0,8.73387e-15,0,0,0,0,288.52,20.7503,-0.0270943,0,20.7503,1,0
940,9.4,2.09892e-05,4.35044,0,1.79108e-05,0.061028,0.000436108,-5.72E-07,0,0.000436108,9.4,0,0,9.4,1.73836,-0.109286,-2.21E-17,-3.04E-12,-4.65E-15,5.91486e-15,0,7.52226e-15,0,0,0,0,288.52,20.7777,-0.0272828,0,20.7778,1,0
941,9.41,2.09892e-05,4.35045,0,1.79108e-05,0.0611089,0.000436683,-5.76E-07,0,0.000436683,9.41,0,0,9.41,1.73836,-0.109586,-2.20E-17,-2.98E-12,-3.20E-15,5.57099e-15,0,6.42615e-15,0,0,0,0,288.519,20.8052,-0.0274713,0,20.8052,1,0
942,9.42,2.09892e-05,4.35045,0,1.79108e-05,0.0611897,0.000437259,-5.80E-07,0,0.000437259,9.42,0,0,9.42,1.73836,-0.109886,-2.18E-17,-2.92E-12,-1.76E-15,5.22712e-15,0,5.51504e-15,0,0,0,0,288.519,20.8326,-0.0276597,0,20.8326,1,0
943,9.43,2.09892e-05,4.35045,0,1.79107e-05,0.0612705,0.000437834,-5.84E-07,0,0.000437834,9.43,0,0,9.43,1.73835,-0.110186,-2.17E-17,-2.87E-12,-3.14E-16,4.88326e-15,0,4.89335e-15,0,0,0,0,288.518,20.86,-0.0278482,0,20.86,1,0
944,9.44,2.09892e-05,4.35046,0,1.79107e-05,0.0613514,0.00043841,-5.88E-07,0,0.00043841,9.44,0,0,9.44,1.73835,-0.110487,-2.15E-17,-2.81E-12,1.13004e-15,4.53942e-15,0,4.67796e-15,0,0,0,0,288.517,20.8874,-0.0280367,0,20.8875,1,0
945,9.45,2.09892e-05,4.35046,0,1.79107e-05,0.0614322,0.000438985,-5.92E-07,0,0.000438985,9.45,0,0,9.45,1.73834,-0.110787,-2.14E-17,-2.75E-12,2.57445e-15,4.19555e-15,0,4.92244e-15,0,0,0,0,288.517,20.9149,-0.0282251,0,20.9149,1,0
946,9.46,2.09891e-05,4.35046,0,1.79106e-05,0.061513,0.000439561,-5.96E-07,0,0.000439561,9.46,0,0,9.46,1.73834,-0.111087,-2.13E-17,-2.69E-12,4.01886e-15,3.85168e-15,0,5.56657e-15,0,0,0,0,288.516,20.9423,-0.0284136,0,20.9423,1,0
947,9.47,2.09891e-05,4.35046,0,1.79106e-05,0.0615938,0.000440136,-6.00E-07,0,0.000440136,9.47,0,0,9.47,1.73834,-0.111387,-2.11E-17,-2.64E-12,5.46327e-15,3.50781e-15,0,6.49246e-15,0,0,0,0,288.516,20.9697,-0.0286021,0,20.9697,1,0
948,9.48,2.09891e-05,4.35047,0,1.79106e-05,0.0616747,0.000440712,-6.04E-07,0,0.000440712,9.48,0,0,9.48,1.73833,-0.111687,-2.10E-17,-2.58E-12,6.90754e-15,3.16398e-15,0,7.59769e-15,0,0,0,0,288.515,20.9971,-0.0287905,0,20.9971,1,0
949,9.49,2.09891e-05,4.35047,0,1.79106e-05,0.0617555,0.000441287,-6.08E-07,0,0.000441287,9.49,0,0,9.49,1.73833,-0.111988,-2.08E-17,-2.52E-12,8.35195e-15,2.82011e-15,0,8.81522e-15,0,0,0,0,288.515,21.0245,-0.028979,0,21.0246,1,0
950,9.5,2.09891e-05,4.35047,0,1.79105e-05,0.0618363,0.000441863,-6.12E-07,0,0.000441863,9.5,0,0,9.5,1.73833,-0.112288,-2.07E-17,-2.46E-12,9.79636e-15,2.47624e-15,0,1.01045e-14,0,0,0,0,288.514,21.052,-0.0291675,0,21.052,1,0
951,9.51,2.09891e-05,4.35047,0,1.79105e-05,0.0619172,0.000442438,-6.16E-07,0,0.000442438,9.51,0,0,9.51,1.73832,-0.112588,-2.06E-17,-2.40E-12,1.12408e-14,2.13237e-15,0,1.14412e-14,0,0,0,0,288.513,21.0794,-0.0293559,0,21.0794,1,0
952,9.52,2.09891e-05,4.35048,0,1.79105e-05,0.061998,0.000443014,-6.20E-07,0,0.000443014,9.52,0,0,9.52,1.73832,-0.112888,-2.04E-17,-2.35E-12,1.26852e-14,1.78851e-15,0,1.28106e-14,0,0,0,0,288.513,21.1068,-0.0295444,0,21.1068,1,0
953,9.53,2.09891e-05,4.35048,0,1.79105e-05,0.0620788,0.000443589,-6.24E-07,0,0.000443589,9.53,0,0,9.53,1.73831,-0.113188,-2.03E-17,-2.29E-12,1.41294e-14,1.44467e-15,0,1.42031e-14,0,0,0,0,288.512,21.1342,-0.0297329,0,21.1342,1,0
954,9.54,2.09891e-05,4.35048,0,1.79104e-05,0.0621597,0.000444164,-6.28E-07,0,0.000444165,9.54,0,0,9.54,1.73831,-0.113489,-2.02E-17,-2.23E-12,1.55739e-14,1.1008e-15,0,1.56127e-14,0,0,0,0,288.512,21.1616,-0.0299213,0,21.1617,1,0
955,9.55,2.09891e-05,4.35049,0,1.79104e-05,0.0622405,0.00044474,-6.32E-07,0,0.00044474,9.55,0,0,9.55,1.73831,-0.113789,-2.00E-17,-2.17E-12,1.70183e-14,7.56934e-16,0,1.70351e-14,0,0,0,0,288.511,21.1891,-0.0301098,0,21.1891,1,0
956,9.56,2.09891e-05,4.35049,0,1.79104e-05,0.0623213,0.000445316,-6.36E-07,0,0.000445316,9.56,0,0,9.56,1.7383,-0.114089,-1.99E-17,-2.12E-12,1.84627e-14,4.13065e-16,0,1.84673e-14,0,0,0,0,288.511,21.2165,-0.0302983,0,21.2165,1,0
957,9.57,2.09891e-05,4.35049,0,1.79103e-05,0.0624022,0.000445891,-6.40E-07,0,0.000445891,9.57,0,0,9.57,1.7383,-0.114389,-1.97E-17,-2.06E-12,1.99069e-14,6.92298e-17,0,1.99071e-14,0,0,0,0,288.51,21.2439,-0.0304867,0,21.2439,1,0
958,9.58,2.09891e-05,4.35049,0,1.79103e-05,0.062483,0.000446466,-6.44E-07,0,0.000446467,9.58,0,0,9.58,1.7383,-0.114689,-1.96E-17,-2.00E-12,2.13514e-14,-2.75E-16,0,2.13531e-14,0,0,0,0,288.509,21.2713,-0.0306752,0,21.2713,1,0
959,9.59,2.09891e-05,4.3505,0,1.79103e-05,0.0625638,0.000447042,-6.47E-07,0,0.000447042,9.59,0,0,9.59,1.73829,-0.11499,-1.95E-17,-1.94E-12,2.27958e-14,-6.19E-16,0,2.28042e-14,0,0,0,0,288.509,21.2987,-0.0308637,0,21.2988,1,0
960,9.6,2.09891e-05,4.3505,0,1.79103e-05,0.0626446,0.000447618,-6.51E-07,0,0.000447618,9.6,0,0,9.6,1.73829,-0.11529,-1.93E-17,-1.88E-12,2.42402e-14,-9.62E-16,0,2.42593e-14,0,0,0,0,288.508,21.3262,-0.0310521,0,21.3262,1,0
961,9.61,2.09891e-05,4.3505,0,1.79102e-05,0.0627213,0.000448164,-6.55E-07,0,0.000448164,9.61,0,0,9.61,1.73829,-0.115577,-1.92E-17,-1.83E-12,2.55387e-14,-1.24E-15,0,2.5569e-14,0,0,0,0,288.508,21.3522,-0.0312217,0,21.3522,1,0
962,9.62,2.09891e-05,4.3505,0,1.79102e-05,0.0627569,0.00044842,-6.55E-07,0,0.00044842,9.62,0,0,9.62,1.73828,-0.115732,-1.93E-17,-1.85E-12,2.5387e-14,-9.09E-16,0,2.54032e-14,0,0,0,0,288.508,21.3644,-0.0312036,0,21.3644,1,0
963,9.63,2.09891e-05,4.3505,0,1.79102e-05,0.0627925,0.000448675,-6.54E-07,0,0.000448676,9.63,0,0,9.63,1.73828,-0.115888,-1.93E-17,-1.87E-12,2.52353e-14,-5.74E-16,0,2.52418e-14,0,0,0,0,288.508,21.3766,-0.0311854,0,21.3766,1,0
964,9.64,2.09891e-05,4.3505,0,1.79102e-05,0.0628281,0.000448931,-6.54E-07,0,0.000448932,9.64,0,0,9.64,1.73828,-0.116043,-1.94E-17,-1.89E-12,2.50835e-14,-2.39E-16,0,2.50847e-14,0,0,0,0,288.508,21.3888,-0.0311672,0,21.3888,1,0
965,9.65,2.0989e-05,4.3505,0,1.79102e-05,0.0628637,0.000449187,-6.53E-07,0,0.000449187,9.65,0,0,9.65,1.73828,-0.116199,-1.94E-17,-1.91E-12,2.49318e-14,9.58506e-17,0,2.4932e-14,0,0,0,0,288.507,21.401,-0.0311491,0,21.401,1,0
966,9.66,2.0989e-05,4.35051,0,1.79102e-05,0.0628994,0.000449443,-6.53E-07,0,0.000449443,9.66,0,0,9.66,1.73828,-0.116354,-1.95E-17,-1.93E-12,2.47801e-14,4.30876e-16,0,2.47839e-14,0,0,0,0,288.507,21.4132,-0.0311309,0,21.4132,1,0
967,9.67,2.0989e-05,4.35051,0,1.79102e-05,0.0629349,0.000449698,-6.53E-07,0,0.000449699,9.67,0,0,9.67,1.73827,-0.11651,-1.95E-17,-1.94E-12,2.46284e-14,7.65901e-16,0,2.46403e-14,0,0,0,0,288.507,21.4254,-0.0311127,0,21.4254,1,0
968,9.68,2.0989e-05,4.35051,0,1.79102e-05,0.0629706,0.000449954,-6.52E-07,0,0.000449955,9.68,0,0,9.68,1.73827,-0.116665,-1.96E-17,-1.96E-12,2.44767e-14,1.10093e-15,0,2.45014e-14,0,0,0,0,288.507,21.4376,-0.0310946,0,21.4376,1,0
969,9.69,2.0989e-05,4.35051,0,1.79102e-05,0.0630062,0.00045021,-6.52E-07,0,0.00045021,9.69,0,0,9.69,1.73827,-0.116821,-1.96E-17,-1.98E-12,2.4325e-14,1.43592e-15,0,2.43673e-14,0,0,0,0,288.507,21.4498,-0.0310764,0,21.4498,1,0
970,9.7,2.0989e-05,4.35051,0,1.79102e-05,0.0630418,0.000450466,-6.52E-07,0,0.000450466,9.7,0,0,9.7,1.73827,-0.116976,-1.96E-17,-2.00E-12,2.41733e-14,1.77094e-15,0,2.4238e-14,0,0,0,0,288.507,21.462,-0.0310582,0,21.4621,1,0
971,9.71,2.09889e-05,4.35051,0,1.79102e-05,0.0630774,0.000450722,-6.51E-07,0,0.000450722,9.71,0,0,9.71,1.73827,-0.117132,-1.97E-17,-2.02E-12,2.40215e-14,2.10597e-15,0,2.41137e-14,0,0,0,0,288.507,21.4742,-0.0310401,0,21.4743,1,0
972,9.72,2.09889e-05,4.35051,0,1.79102e-05,0.063113,0.000450977,-6.51E-07,0,0.000450978,9.72,0,0,9.72,1.73827,-0.117288,-1.97E-17,-2.04E-12,2.38698e-14,2.44099e-15,0,2.39943e-14,0,0,0,0,288.507,21.4864,-0.0310219,0,21.4865,1,0
973,9.73,2.09889e-05,4.35051,0,1.79102e-05,0.0631486,0.000451233,-6.51E-07,0,0.000451234,9.73,0,0,9.73,1.73826,-0.117443,-1.98E-17,-2.06E-12,2.37181e-14,2.77599e-15,0,2.388e-14,0,0,0,0,288.507,21.4986,-0.0310037,0,21.4987,1,0
974,9.74,2.09889e-05,4.35051,0,1.79102e-05,0.0631842,0.000451489,-6.50E-07,0,0.000451489,9.74,0,0,9.74,1.73826,-0.117599,-1.98E-17,-2.07E-12,2.35664e-14,3.11101e-15,0,2.37709e-14,0,0,0,0,288.507,21.5108,-0.0309856,0,21.5109,1,0
975,9.75,2.09889e-05,4.35051,0,1.79102e-05,0.0632198,0.000451745,-6.50E-07,0,0.000451745,9.75,0,0,9.75,1.73826,-0.117754,-1.99E-17,-2.09E-12,2.34147e-14,3.44604e-15,0,2.36669e-14,0,0,0,0,288.507,21.523,-0.0309674,0,21.5231,1,0
976,9.76,2.09889e-05,4.35051,0,1.79102e-05,0.0632554,0.000452,-6.49E-07,0,0.000452001,9.76,0,0,9.76,1.73826,-0.11791,-1.99E-17,-2.11E-12,2.3263e-14,3.78106e-15,0,2.35682e-14,0,0,0,0,288.506,21.5353,-0.0309492,0,21.5353,1,0
977,9.77,2.09888e-05,4.35051,0,1.79102e-05,0.063291,0.000452256,-6.49E-07,0,0.000452257,9.77,0,0,9.77,1.73826,-0.118065,-2.00E-17,-2.13E-12,2.31112e-14,4.11609e-15,0,2.34749e-14,0,0,0,0,288.506,21.5475,-0.0309311,0,21.5475,1,0
978,9.78,2.09888e-05,4.35052,0,1.79102e-05,0.0633266,0.000452512,-6.49E-07,0,0.000452512,9.78,0,0,9.78,1.73825,-0.118221,-2.00E-17,-2.15E-12,2.29595e-14,4.45108e-15,0,2.3387e-14,0,0,0,0,288.506,21.5597,-0.0309129,0,21.5597,1,0
979,9.79,2.09888e-05,4.35052,0,1.79102e-05,0.0633622,0.000452768,-6.48E-07,0,0.000452768,9.79,0,0,9.79,1.73825,-0.118376,-2.01E-17,-2.17E-12,2.28078e-14,4.78611e-15,0,2.33046e-14,0,0,0,0,288.506,21.5719,-0.0308947,0,21.5719,1,0
980,9.8,2.09888e-05,4.35052,0,1.79102e-05,0.0633978,0.000453024,-6.48E-07,0,0.000453024,9.8,0,0,9.8,1.73825,-0.118532,-2.01E-17,-2.18E-12,2.26561e-14,5.12113e-15,0,2.32277e-14,0,0,0,0,288.506,21.5841,-0.0308766,0,21.5841,1,0
981,9.81,2.09888e-05,4.35052,0,1.79101e-05,0.0634334,0.000453279,-6.48E-07,0,0.00045328,9.81,0,0,9.81,1.73825,-0.118687,-2.02E-17,-2.20E-12,2.25044e-14,5.45616e-15,0,2.31564e-14,0,0,0,0,288.506,21.5963,-0.0308584,0,21.5963,1,0
982,9.82,2.09888e-05,4.35052,0,1.79101e-05,0.063469,0.000453535,-6.47E-07,0,0.000453536,9.82,0,0,9.82,1.73825,-0.118843,-2.02E-17,-2.22E-12,2.23527e-14,5.79115e-15,0,2.30907e-14,0,0,0,0,288.506,21.6085,-0.0308403,0,21.6085,1,0
983,9.83,2.09887e-05,4.35052,0,1.79101e-05,0.0635046,0.000453791,-6.47E-07,0,0.000453791,9.83,0,0,9.83,1.73824,-0.118998,-2.03E-17,-2.24E-12,2.2201e-14,6.12617e-15,0,2.30307e-14,0,0,0,0,288.506,21.6207,-0.0308221,0,21.6207,1,0
984,9.84,2.09887e-05,4.35052,0,1.79101e-05,0.0635402,0.000454047,-6.46E-07,0,0.000454047,9.84,0,0,9.84,1.73824,-0.119154,-2.03E-17,-2.26E-12,2.20492e-14,6.4612e-15,0,2.29764e-14,0,0,0,0,288.506,21.6329,-0.0308039,0,21.6329,1,0
985,9.85,2.09887e-05,4.35052,0,1.79101e-05,0.0635758,0.000454302,-6.46E-07,0,0.000454303,9.85,0,0,9.85,1.73824,-0.119309,-2.04E-17,-2.28E-12,2.18975e-14,6.79622e-15,0,2.29279e-14,0,0,0,0,288.506,21.6451,-0.0307858,0,21.6451,1,0
986,9.86,2.09887e-05,4.35052,0,1.79101e-05,0.0636114,0.000454558,-6.46E-07,0,0.000454559,9.86,0,0,9.86,1.73824,-0.119465,-2.04E-17,-2.29E-12,2.17458e-14,7.13122e-15,0,2.28853e-14,0,0,0,0,288.506,21.6573,-0.0307676,0,21.6573,1,0
987,9.87,2.09887e-05,4.35052,0,1.79101e-05,0.063647,0.000454814,-6.45E-07,0,0.000454814,9.87,0,0,9.87,1.73824,-0.11962,-2.05E-17,-2.31E-12,2.15941e-14,7.46624e-15,0,2.28484e-14,0,0,0,0,288.505,21.6695,-0.0307494,0,21.6695,1,0
988,9.88,2.09887e-05,4.35052,0,1.79101e-05,0.0636826,0.00045507,-6.45E-07,0,0.00045507,9.88,0,0,9.88,1.73823,-0.119776,-2.05E-17,-2.33E-12,2.14424e-14,7.80127e-15,0,2.28174e-14,0,0,0,0,288.505,21.6817,-0.0307313,0,21.6817,1,0
989,9.89,2.09886e-05,4.35052,0,1.79101e-05,0.0637182,0.000455325,-6.45E-07,0,0.000455326,9.89,0,0,9.89,1.73823,-0.119931,-2.06E-17,-2.35E-12,2.12907e-14,8.13629e-15,0,2.27924e-14,0,0,0,0,288.505,21.6939,-0.0307131,0,21.6939,1,0
990,9.9,2.09886e-05,4.35052,0,1.79101e-05,0.0637538,0.000455581,-6.44E-07,0,0.000455582,9.9,0,0,9.9,1.73823,-0.120087,-2.06E-17,-2.37E-12,2.1139e-14,8.47129e-15,0,2.27732e-14,0,0,0,0,288.505,21.7061,-0.0306949,0,21.7061,1,0
991,9.91,2.09886e-05,4.35053,0,1.79101e-05,0.0637894,0.000455837,-6.44E-07,0,0.000455837,9.91,0,0,9.91,1.73823,-0.120242,-2.07E-17,-2.39E-12,2.09872e-14,8.80631e-15,0,2.276e-14,0,0,0,0,288.505,21.7183,-0.0306768,0,21.7183,1,0
992,9.92,2.09886e-05,4.35053,0,1.79101e-05,0.063825,0.000456093,-6.43E-07,0,0.000456093,9.92,0,0,9.92,1.73823,-0.120398,-2.07E-17,-2.41E-12,2.08355e-14,9.14134e-15,0,2.27527e-14,0,0,0,0,288.505,21.7305,-0.0306586,0,21.7305,1,0
993,9.93,2.09886e-05,4.35053,0,1.79101e-05,0.0638606,0.000456349,-6.43E-07,0,0.000456349,9.93,0,0,9.93,1.73823,-0.120553,-2.08E-17,-2.42E-12,2.06838e-14,9.47636e-15,0,2.27513e-14,0,0,0,0,288.505,21.7427,-0.0306404,0,21.7427,1,0
994,9.94,2.09886e-05,4.35053,0,1.79101e-05,0.0638962,0.000456604,-6.43E-07,0,0.000456605,9.94,0,0,9.94,1.73822,-0.120709,-2.08E-17,-2.44E-12,2.05321e-14,9.81135e-15,0,2.27559e-14,0,0,0,0,288.505,21.7549,-0.0306223,0,21.7549,1,0
995,9.95,2.09885e-05,4.35053,0,1.79101e-05,0.0639318,0.00045686,-6.42E-07,0,0.000456861,9.95,0,0,9.95,1.73822,-0.120864,-2.09E-17,-2.46E-12,2.03804e-14,1.01464e-14,0,2.27664e-14,0,0,0,0,288.505,21.7671,-0.0306041,0,21.7671,1,0
996,9.96,2.09885e-05,4.35053,0,1.79101e-05,0.0639674,0.000457116,-6.42E-07,0,0.000457116,9.96,0,0,9.96,1.73822,-0.12102,-2.09E-17,-2.48E-12,2.02287e-14,1.04814e-14,0,2.27829e-14,0,0,0,0,288.505,21.7793,-0.0305859,0,21.7793,1,0
997,9.97,2.09885e-05,4.35053,0,1.79101e-05,0.064003,0.000457372,-6.42E-07,0,0.000457372,9.97,0,0,9.97,1.73822,-0.121175,-2.10E-17,-2.50E-12,2.00769e-14,1.08164e-14,0,2.28052e-14,0,0,0,0,288.505,21.7915,-0.0305678,0,21.7915,1,0
998,9.98,2.09885e-05,4.35053,0,1.79101e-05,0.0640386,0.000457627,-6.41E-07,0,0.000457628,9.98,0,0,9.98,1.73822,-0.121331,-2.10E-17,-2.52E-12,1.99252e-14,1.11514e-14,0,2.28335e-14,0,0,0,0,288.505,21.8037,-0.0305496,0,21.8037,1,0
999,9.99,2.09885e-05,4.35053,0,1.79101e-05,0.0640742,0.000457883,-6.41E-07,0,0.000457884,9.99,0,0,9.99,1.73821,-0.121486,-2.11E-17,-2.53E-12,1.97735e-14,1.14864e-14,0,2.28677e-14,0,0,0,0,288.504,21.8159,-0.0305314,0,21.816,1,0
1000,10,2.09885e-05,4.35053,0,1.79101e-05,0.0641098,0.000458139,-6.40E-07,0,0.000458139,10,0,0,10,1.73821,-0.121642,-2.11E-17,-2.55E-12,1.96218e-14,1.18215e-14,0,2.29077e-14,0,0,0,0,288.504,21.8281,-0.0305133,0,21.8282,1,0
